INSERT INTO manufacture.public.department
    (id, name)
VALUES (1, 'Цех №1'),
       (2, 'Цех №2');

INSERT INTO manufacture.public.product_type
    (id, name)
VALUES (1, 'поковка'),
       (2, 'литье'),
       (3, 'метизы'),
       (4, 'плазменная резка'),
       (5, 'полуфабрикаты'),
       (6, 'прочее');

INSERT INTO manufacture.public.provider
    (id, name)
VALUES (1, 'ОАО Молот'),
       (2, 'ООО Барановичский кузнечный завод'),
       (3, 'ОАО Могилевский Ударник'),
       (4, 'ОАО Завод тяжелых штамповок'),
       (5, 'ООО Минский автоагрегатный завод'),
       (6, 'ТЧУП Белорусские метизы'),
       (7, 'ИП Самойлов М.М.'),
       (8, 'УЧНПП Техноэра'),
       (9, 'ТЧУП МетизОптТорг'),
       (10, 'ООО ТрэйдСервис'),
       (11, 'ОАО Речицкий СПАЗ');


INSERT INTO manufacture.public.manager
    (id, name, surname, patronymic)
VALUES (1, 'Алексей ', 'Степанов ', 'Андреевич'),
       (2, 'Петр ', 'Коваль ', 'Илларионович');


INSERT INTO manufacture.public.product
    (name, manager, provider, product_type)
VALUES ('БОБЫШКА НКМ 204.017', 1, 1, 1),
       ('БОБЫШКА НКМ 204.018', 1, 1, 1),
       ('БОБЫШКА ДУ 17.00.244', 1, 1, 1),
       ('БОБЫШКА ДУ 17.00.245', 1, 1, 1),
       ('БОБЫШКА ДУ 17.00.246', 1, 1, 1),
       ('БОЛТ М10-6gх16.68.016', 2, 6, 3),
       ('БОЛТ М10-6gх20.45Н.016', 2, 7, 3),
       ('БОЛТ М10-6gх25.45Н.016', 2, 7, 3),
       ('БОЛТ М12-6gх20.45Н.016', 2, 7, 3),
       ('БОЛТ М6-6gх16.45Н.016', 2, 7, 3),
       ('БОЛТ М6-6gх20.45Н.016', 2, 6, 3),
       ('БОЛТ М8-6gх20.58', 2, 6, 3),
       ('БОЛТ М8-6gх25.45Н.016', 2, 6, 3),
       ('БОЛТ М8-6gх25.58', 2, 6, 3),
       ('БОЛТ М8-6gх40.45Н.016', 2, 6, 3),
       ('ВИНТ М10-6gх10.14Н', 2, 6, 3),
       ('ВИНТ М10-6gх12.14Н.016', 2, 7, 3),
       ('ВИНТ М10-6gх16.14Н', 2, 6, 3),
       ('ВИНТ М10-6gх20.14Н.016', 2, 7, 3),
       ('ВИНТ М10-6gх30.14Н.016', 2, 6, 3),
       ('ВИНТ М12-6gх16.12.35.016', 2, 6, 3),
       ('ВИНТ М12-6gх20.12.35.016', 2, 6, 3),
       ('ВИНТ М16-6gх30.14Н.016', 2, 10, 3),
       ('ВИНТ М4-6gх12.45Н.05', 2, 6, 3),
       ('ВИНТ М5-6gх10.58.019', 2, 6, 3),
       ('ВИНТ М6-6gх16.45Н.05', 2, 10, 3),
       ('ВИНТ М8-6gх10.45Н.05', 2, 10, 3),
       ('ВИНТ М8-6gх16.14Н', 2, 10, 3),
       ('ВИНТ М8-6gх20.14Н.016', 2, 6, 3),
       ('ВИНТ М8-6gх25.14Н.016', 2, 10, 3),
       ('ВИНТ М8-6gх30.48', 2, 6, 3),
       ('ВИНТ М8-6gх8.45Н.016', 2, 6, 3),
       ('ВТУЛКА SF-1 4540 (45х50х40)', 1, 10, 3),
       ('ВТУЛКА SF-1 6040 (60х65х40)', 2, 10, 3),
       ('ВТУЛКА SF-1 7040 (70х75х40)', 2, 10, 3),
       ('ВТУЛКА SF-2 5560 (55х60х60)', 1, 10, 3),
       ('ВТУЛКА SF-2 70100 (70х75х100)', 2, 10, 3),
       ('ГАЙКА М12-6Н.6.019', 2, 6, 3),
       ('ГАЙКА М12х1,5', 2, 6, 3),
       ('ГАЙКА М14х1,5', 2, 6, 3),
       ('ГАЙКА М16х1,5', 2, 6, 3),
       ('ГАЙКА М18х1,5', 2, 6, 3),
       ('ГАЙКА М20х1,5', 2, 7, 3),
       ('ГАЙКА М20х1,5', 2, 7, 3),
       ('ГАЙКА М24х2-6Н', 2, 7, 3),
       ('ГАЙКА М27х2-6Н', 2, 6, 3),
       ('ГАЙКА М30х2-6Н', 2, 6, 3),
       ('ГАЙКА М8-6Н.05.10Х', 2, 6, 3),
       ('ГАЙКА НИЗКАЯ М20х1,5', 2, 6, 3),
       ('ГАЙКА НИЗКАЯ М27х2-05', 2, 6, 3),
       ('ГОЛОВКА 114703-09450-000', 1, 3, 1),
       ('ГОЛОВКА 114703-09450-020', 1, 3, 1),
       ('ГОЛОВКА 1147-09450', 1, 3, 1),
       ('ГОЛОВКА ОПОРЫ К944-09450-20', 1, 3, 1),
       ('ГРЯЗЕСЪЕМНИК 4412А-35350046', 1, 7, 6),
       ('ГРЯЗЕСЪЕМНИК 4412А-35350047', 1, 7, 6),
       ('ДНИЩЕ 114703-09450-025', 1, 1, 2),
       ('ДНИЩЕ 1147-8603526', 1, 1, 2),
       ('ДНО 820-4625012', 1, 1, 2),
       ('КОЛЬЦО К944-1147445', 1, 8, 6),
       ('КОЛЬЦО К944-1147446', 1, 8, 6),
       ('КОЛЬЦО К944-1147447', 1, 8, 6),
       ('КОЛЬЦО К944-1147448', 1, 8, 6),
       ('КОЛЬЦО К944-8603541', 1, 8, 6),
       ('КОЛЬЦО К944-8603656', 1, 8, 6),
       ('КОЛЬЦО К944-8603658', 1, 8, 6),
       ('КОЛЬЦО СТОПОРНОЕ 14.01-8603659', 1, 9, 5),
       ('КОЛЬЦО СТОПОРНОЕ 14.01-8603659', 2, 9, 5),
       ('КОЛЬЦО СТОПОРНОЕ 14.01-8603661', 1, 9, 5),
       ('КОЛЬЦО СТОПОРНОЕ 14.01-8603661', 2, 9, 5),
       ('КОРПУС ШАРНИРА 101-3405205', 2, 4, 2),
       ('КОРПУС ШАРНИРА 120320-20', 2, 4, 2),
       ('КРОНШТЕЙН 110.20.002', 1, 3, 1),
       ('КРОНШТЕЙН 210.20.002', 1, 3, 1),
       ('КРОНШТЕЙН 456.10.012', 1, 3, 1),
       ('КРОНШТЕЙН 526.02.105', 1, 3, 1),
       ('КРОНШТЕЙН 944-33035-01', 1, 3, 1),
       ('КРОНШТЕЙН К-09А.06.01.102', 1, 3, 2),
       ('КРОНШТЕЙН К-09А.06.01.202', 1, 3, 2),
       ('КРЫШКА 09-24015', 2, 4, 1),
       ('КРЫШКА 09-24016', 2, 4, 1),
       ('КРЫШКА 09-24016-01', 2, 4, 1),
       ('КРЫШКА ЗАДНЯЯ 140.02.001', 2, 2, 2),
       ('КРЫШКА ЗАДНЯЯ 244.00.001', 2, 2, 2),
       ('КРЫШКА ЗАДНЯЯ 450.01.001', 2, 2, 2),
       ('КРЫШКА ЗАДНЯЯ Н944-8505314', 2, 2, 2),
       ('КРЫШКА ЗАДНЯЯ НВ10-9434017', 2, 2, 2),
       ('КРЫШКА ЗАДНЯЯ НВ10-9434018', 2, 2, 2),
       ('КРЫШКА ЗАДНЯЯ НВ20-9434017', 2, 2, 2),
       ('КРЫШКА ЗАДНЯЯ НКМ 40.402', 2, 2, 2),
       ('КРЫШКА ЗАДНЯЯ НКМ 63.410', 2, 2, 2),
       ('КРЫШКА ПЕРЕДНЯЯ Н944-8505316-01', 2, 2, 2),
       ('МАСЛЕНКА 1.1.Ц6', 2, 1, 6),
       ('МАСЛЕНКА 1.2.Ц6', 2, 1, 6),
       ('МАСЛЕНКА 2.2.45.Ц6', 2, 1, 6),
       ('МАСЛЕНКА 2.3.45.Ц6', 2, 1, 6),
       ('НАПРАВЛЯЮЩАЯ ВЕРХНЯЯ НВ7488-100521-010', 1, 1, 5),
       ('НАПРАВЛЯЮЩАЯ ВЕРХНЯЯ НВ7488-100521-011', 1, 1, 5),
       ('НАПРАВЛЯЮЩАЯ ВЕРХНЯЯ НВ7488-100521-012', 1, 1, 5),
       ('НАПРАВЛЯЮЩАЯ ВЕРХНЯЯ НВ7488-100521-013', 1, 1, 5),
       ('НАПРАВЛЯЮЩАЯ ВЕРХНЯЯ НВ7488-100521-014', 1, 1, 5),
       ('НАПРАВЛЯЮЩАЯ ВЕРХНЯЯ НВ7488-100521-015', 1, 1, 5),
       ('ОПОРА 5516-8603593', 1, 1, 1),
       ('ОПОРА 5516-8603594', 1, 1, 1),
       ('ОПОРА К944-8603594', 1, 1, 1),
       ('ПЕРЕХОДНИК К944-8603562-10', 2, 5, 6),
       ('ПЕРЕХОДНИК К944-8603562-20', 2, 5, 6),
       ('ПОЛУКОЛЬЦО НАПРАВЛЯЮЩЕЕ 19НВ-8603', 1, 1, 5),
       ('ПОЛУКОЛЬЦО НАПРАВЛЯЮЩЕЕ 19НВ-8604', 1, 1, 5),
       ('ПОЛУКОЛЬЦО НАПРАВЛЯЮЩЕЕ 19НВ-8605', 1, 1, 5),
       ('ПОЛУКОЛЬЦО НАПРАВЛЯЮЩЕЕ 19НВ-8606', 1, 1, 5),
       ('ПОЛУКОЛЬЦО НАПРАВЛЯЮЩЕЕ 19НВ-8607', 1, 1, 5),
       ('ПОЛУКОЛЬЦО НАПРАВЛЯЮЩЕЕ 19НВ-8608', 1, 1, 5),
       ('ПРОКЛАДКА 10М3', 2, 9, 3),
       ('ПРОКЛАДКА 18М3', 2, 9, 3),
       ('ПРОКЛАДКА 20М3', 2, 9, 3),
       ('ПРОУШИНА 110.01.003', 1, 11, 4),
       ('ПРОУШИНА 240.12.001', 1, 11, 4),
       ('ПРОУШИНА 336.01.007', 1, 11, 4),
       ('ПРОУШИНА 388.12.002', 1, 11, 4),
       ('ПРОУШИНА 388.12.003', 1, 11, 4),
       ('ПРОУШИНА 388.17.001', 1, 5, 4),
       ('ПРОУШИНА 388.17.002', 1, 5, 4),
       ('ПРОУШИНА 500.11.012', 1, 5, 4),
       ('ПРОУШИНА 500.11.013', 1, 5, 4),
       ('ПРОУШИНА 555.10.001', 1, 5, 4),
       ('ПРОУШИНА 559.03.012', 1, 5, 4),
       ('ПРОУШИНА SS30N', 1, 10, 5),
       ('ПРОУШИНА SS30T', 1, 10, 5),
       ('ПРОУШИНА НКМ 905.025', 1, 11, 4),
       ('ПРОУШИНА НКМ 905.039', 1, 11, 4),
       ('ПРОУШИНА НКМ 905.056', 1, 11, 4),
       ('ПРОУШИНА НКМ 905.057', 1, 11, 4),
       ('ПРОУШИНА НКМ 905.059-01', 1, 11, 4),
       ('ПРОУШИНА НКМ 905.065-01', 1, 11, 4),
       ('ПРОУШИНА НКМ 905.075', 1, 11, 4),
       ('ПРОУШИНА НКМ 905.093-04', 1, 11, 4),
       ('ПРОУШИНА НКМ 905.093-05', 1, 11, 4),
       ('ПРОУШИНА НКМ 905.126', 1, 11, 4),
       ('ПРУЖИНА 500Н-17.01.234', 2, 9, 3),
       ('ПРУЖИНА 500Н-17.17.234', 2, 9, 3),
       ('ПРУЖИНА 500Н-17.17.235', 2, 9, 3),
       ('ПРУЖИНА 597.00.005', 2, 9, 3),
       ('ПРУЖИНА 597.02.004', 2, 9, 3),
       ('ПРУЖИНА 848.03.003', 2, 9, 3),
       ('ПРУЖИНА К944-8603593', 2, 9, 3),
       ('СУХАРЬ 944-4003015', 1, 5, 5),
       ('СУХАРЬ 944-4003016', 1, 5, 5),
       ('УГОЛЬНИК 105807.1', 1, 8, 3),
       ('УГОЛЬНИК 105808.1', 1, 8, 3),
       ('УГОЛЬНИК 105809.1', 1, 8, 3),
       ('ЦАПФА 3312-0733.205', 1, 2, 1),
       ('ЦАПФА 3312-0733.206', 1, 2, 1),
       ('ЦАПФА 3312-0733.206-01', 1, 2, 1),
       ('ШАЙБА 12Н', 2, 6, 3),
       ('ШАЙБА 12ОТ', 2, 6, 3),
       ('ШАЙБА 20Н', 2, 6, 3),
       ('ШАЙБА 6Т', 2, 6, 3),
       ('ШАЙБА 8ОТ', 2, 6, 3),
       ('ШАЙБА 8Т', 2, 6, 3),
       ('ШПИЛЬКА М10-6gх20.66', 2, 10, 3),
       ('ШПИЛЬКА М20-6gх30.66', 2, 10, 3),
       ('ШПЛИНТ 4х40.019', 2, 6, 3),
       ('ШПЛИНТ 6.3х100.016', 2, 6, 3),
       ('ШПЛИНТ 6.3х63.016', 2, 7, 3),
       ('ШТИФТ 10х16', 2, 6, 3),
       ('ШТИФТ 10х20', 2, 6, 3),
       ('ШТИФТ 10х45', 2, 6, 3),
       ('ШТИФТ 10х50', 2, 6, 3),
       ('ШТИФТ 10х65', 2, 6, 3),
       ('ШТИФТ 12х60', 2, 6, 3),
       ('ШТИФТ 8х16', 2, 6, 3),
       ('ШТОК К100х180.01', 1, 4, 1),
       ('ШТОК К80х180.01', 1, 4, 1),
       ('ШТОК Н1535-003441', 1, 4, 1),
       ('ШТОК Н1535-003441-01', 1, 4, 1),
       ('ШТОК ТУ-2.15.001', 1, 4, 1),
       ('ШТОК ТУ-2.15.101', 1, 4, 1);
