INSERT INTO manufacture.public.department
    (id, name)
VALUES (1, 'Цех №1'),
       (2, 'Цех №2');

INSERT INTO manufacture.public.employee
    (id, name, surname, patronymic, role, description, login, password)
VALUES ('1', 'Жанна', 'Василюк', 'Геннадьевна', 0, 'Бухгалтер', 'jannaVasiluk', '1111'),
       ('2', 'Алексей', 'Степанов', 'Андреевич', 1, 'Снабжение', 'alekseyStepanov', '2222'),
       ('3', 'Лариса', 'Бортник', 'Антоновна', 2, 'Кладовщик', 'larisaBortnik', '3333'),
       ('4', 'Виктор', 'Береста', 'Андреевич', 3, 'Мастер цеха', 'viktorBeresta', '4444'),
       ('5', 'Вячеслав', 'Строчук', 'Константинович', 2, 'Кладовщик', 'viacheslavStrochuk', '5555'),
       ('6', 'Петр', 'Коваль', 'Илларионович', 1, 'Снабжение', 'petrKoval', '6666'),
       ('7', 'Светлана', 'Гарбар', 'Валерьевна', 3, 'Мастер цеха', 'svetlanaContaruk', '7777'),

INSERT INTO manufacture.public.product_type
    (id, name)
VALUES (1, 'поковка'),
       (2, 'литье'),
       (3, 'метизы'),
       (4, 'плазменная резка'),
       (5, 'полуфабрикаты'),
       (6, 'прочее');

INSERT INTO manufacture.public.provider
    (id, name)
VALUES (1, 'ОАО Молот'),
       (2, 'ООО Барановичский кузнечный завод'),
       (3, 'ОАО Могилевский Ударник'),
       (4, 'ОАО Завод тяжелых штамповок'),
       (5, 'ООО Минский автоагрегатный завод'),
       (6, 'ТЧУП Белорусские метизы'),
       (7, 'ИП Самойлов М.М.'),
       (8, 'УЧНПП Техноэра'),
       (9, 'ТЧУП МетизОптТорг'),
       (10, 'ООО ТрэйдСервис'),
       (11, 'ОАО Речицкий СПАЗ');

INSERT INTO manufacture.public.product
    (name, manager_id, provider_id, product_type_id)
VALUES ('БОБЫШКА НКМ 204.017', 1, 1, 1),
       ('БОБЫШКА НКМ 204.018', 1, 1, 1),
       ('БОБЫШКА ДУ 17.00.244', 1, 1, 1),
       ('БОБЫШКА ДУ 17.00.245', 1, 1, 1),
       ('БОБЫШКА ДУ 17.00.246', 1, 1, 1),
       ('БОЛТ М10-6gх16.68.016', 2, 6, 3),
       ('БОЛТ М10-6gх20.45Н.016', 2, 7, 3),
       ('БОЛТ М10-6gх25.45Н.016', 2, 7, 3),
       ('БОЛТ М12-6gх20.45Н.016', 2, 7, 3),
       ('БОЛТ М6-6gх16.45Н.016', 2, 7, 3),
       ('БОЛТ М6-6gх20.45Н.016', 2, 6, 3),
       ('БОЛТ М8-6gх20.58', 2, 6, 3),
       ('БОЛТ М8-6gх25.45Н.016', 2, 6, 3),
       ('БОЛТ М8-6gх25.58', 2, 6, 3),
       ('БОЛТ М8-6gх40.45Н.016', 2, 6, 3),
       ('ВИНТ М10-6gх10.14Н', 2, 6, 3),
       ('ВИНТ М10-6gх12.14Н.016', 2, 7, 3),
       ('ВИНТ М10-6gх16.14Н', 2, 6, 3),
       ('ВИНТ М10-6gх20.14Н.016', 2, 7, 3),
       ('ВИНТ М10-6gх30.14Н.016', 2, 6, 3),
       ('ВИНТ М12-6gх16.12.35.016', 2, 6, 3),
       ('ВИНТ М12-6gх20.12.35.016', 2, 6, 3),
       ('ВИНТ М16-6gх30.14Н.016', 2, 10, 3),
       ('ВИНТ М4-6gх12.45Н.05', 2, 6, 3),
       ('ВИНТ М5-6gх10.58.019', 2, 6, 3),
       ('ВИНТ М6-6gх16.45Н.05', 2, 10, 3),
       ('ВИНТ М8-6gх10.45Н.05', 2, 10, 3),
       ('ВИНТ М8-6gх16.14Н', 2, 10, 3),
       ('ВИНТ М8-6gх20.14Н.016', 2, 6, 3),
       ('ВИНТ М8-6gх25.14Н.016', 2, 10, 3),
       ('ВИНТ М8-6gх30.48', 2, 6, 3),
       ('ВИНТ М8-6gх8.45Н.016', 2, 6, 3),
       ('ВТУЛКА SF-1 4540 (45х50х40)', 1, 10, 3),
       ('ВТУЛКА SF-1 6040 (60х65х40)', 2, 10, 3),
       ('ВТУЛКА SF-1 7040 (70х75х40)', 2, 10, 3),
       ('ВТУЛКА SF-2 5560 (55х60х60)', 1, 10, 3),
       ('ВТУЛКА SF-2 70100 (70х75х100)', 2, 10, 3),
       ('ГАЙКА М12-6Н.6.019', 2, 6, 3),
       ('ГАЙКА М12х1.5', 2, 6, 3),
       ('ГАЙКА М14х1.5', 2, 6, 3),
       ('ГАЙКА М16х1.5', 2, 6, 3),
       ('ГАЙКА М18х2', 2, 6, 3),
       ('ГАЙКА М20х1.5', 2, 7, 3),
       ('ГАЙКА М20х2', 2, 7, 3),
       ('ГАЙКА М24х2-6Н', 2, 7, 3),
       ('ГАЙКА М27х2-6Н', 2, 6, 3),
       ('ГАЙКА М30х2-6Н', 2, 6, 3),
       ('ГАЙКА М8-6Н.05.10Х', 2, 6, 3),
       ('ГАЙКА НИЗКАЯ М20х1.5', 2, 6, 2),
       ('ГАЙКА НИЗКАЯ М27х2-05', 2, 6, 3),
       ('ГОЛОВКА 114703-09450-000', 1, 3, 1),
       ('ГОЛОВКА 114703-09450-020', 1, 3, 1),
       ('ГОЛОВКА 1147-09450', 1, 3, 1),
       ('ГОЛОВКА ОПОРЫ К944-09450-20', 1, 3, 1),
       ('ГРЯЗЕСЪЕМНИК 4412А-35350046', 1, 7, 6),
       ('ГРЯЗЕСЪЕМНИК 4412А-35350047', 1, 7, 6),
       ('ДНИЩЕ 114703-09450-025', 1, 1, 2),
       ('ДНИЩЕ 1147-8603526', 1, 1, 2),
       ('ДНО 820-4625012', 1, 1, 2),
       ('КОЛЬЦО К944-1147445', 1, 8, 6),
       ('КОЛЬЦО К944-1147446', 1, 8, 6),
       ('КОЛЬЦО К944-1147447', 1, 8, 6),
       ('КОЛЬЦО К944-1147448', 1, 8, 6),
       ('КОЛЬЦО К944-8603541', 1, 8, 6),
       ('КОЛЬЦО К944-8603656', 1, 8, 6),
       ('КОЛЬЦО К944-8603658', 1, 8, 6),
       ('КОЛЬЦО СТОПОРНОЕ 14.01-8603659', 1, 9, 5),
       ('КОЛЬЦО СТОПОРНОЕ 14.01-8603659', 2, 9, 5),
       ('КОЛЬЦО СТОПОРНОЕ 14.01-8603661', 1, 9, 5),
       ('КОЛЬЦО СТОПОРНОЕ 14.01-8603661', 2, 9, 5),
       ('КОРПУС ШАРНИРА 101-3405205', 2, 4, 2),
       ('КОРПУС ШАРНИРА 120320-20', 2, 4, 2),
       ('КРОНШТЕЙН 110.20.002', 1, 3, 1),
       ('КРОНШТЕЙН 210.20.002', 1, 3, 1),
       ('КРОНШТЕЙН 456.10.012', 1, 3, 1),
       ('КРОНШТЕЙН 526.02.105', 1, 3, 1),
       ('КРОНШТЕЙН 944-33035-01', 1, 3, 1),
       ('КРОНШТЕЙН К-09А.06.01.102', 1, 3, 2),
       ('КРОНШТЕЙН К-09А.06.01.202', 1, 3, 2),
       ('КРЫШКА 09-24015', 2, 4, 1),
       ('КРЫШКА 09-24016', 2, 4, 1),
       ('КРЫШКА 09-24016-01', 2, 4, 1),
       ('КРЫШКА ЗАДНЯЯ 140.02.001', 2, 2, 2),
       ('КРЫШКА ЗАДНЯЯ 244.00.001', 2, 2, 2),
       ('КРЫШКА ЗАДНЯЯ 450.01.001', 2, 2, 2),
       ('КРЫШКА ЗАДНЯЯ Н944-8505314', 2, 2, 2),
       ('КРЫШКА ЗАДНЯЯ НВ10-9434017', 2, 2, 2),
       ('КРЫШКА ЗАДНЯЯ НВ10-9434018', 2, 2, 2),
       ('КРЫШКА ЗАДНЯЯ НВ20-9434017', 2, 2, 2),
       ('КРЫШКА ЗАДНЯЯ НКМ 40.402', 2, 2, 2),
       ('КРЫШКА ЗАДНЯЯ НКМ 63.410', 2, 2, 2),
       ('КРЫШКА ПЕРЕДНЯЯ Н944-8505316-01', 2, 2, 2),
       ('МАСЛЕНКА 1.1.Ц6', 2, 1, 6),
       ('МАСЛЕНКА 1.2.Ц6', 2, 1, 6),
       ('МАСЛЕНКА 2.2.45.Ц6', 2, 1, 6),
       ('МАСЛЕНКА 2.3.45.Ц6', 2, 1, 6),
       ('НАПРАВЛЯЮЩАЯ ВЕРХНЯЯ НВ7488-100521-010', 1, 1, 5),
       ('НАПРАВЛЯЮЩАЯ ВЕРХНЯЯ НВ7488-100521-011', 1, 1, 5),
       ('НАПРАВЛЯЮЩАЯ ВЕРХНЯЯ НВ7488-100521-012', 1, 1, 5),
       ('НАПРАВЛЯЮЩАЯ ВЕРХНЯЯ НВ7488-100521-013', 1, 1, 5),
       ('НАПРАВЛЯЮЩАЯ ВЕРХНЯЯ НВ7488-100521-014', 1, 1, 5),
       ('НАПРАВЛЯЮЩАЯ ВЕРХНЯЯ НВ7488-100521-015', 1, 1, 5),
       ('ОПОРА 5516-8603593', 1, 1, 1),
       ('ОПОРА 5516-8603594', 1, 1, 1),
       ('ОПОРА К944-8603594', 1, 1, 1),
       ('ПЕРЕХОДНИК К944-8603562-10', 2, 5, 6),
       ('ПЕРЕХОДНИК К944-8603562-20', 2, 5, 6),
       ('ПОЛУКОЛЬЦО НАПРАВЛЯЮЩЕЕ 19НВ-8603', 1, 1, 5),
       ('ПОЛУКОЛЬЦО НАПРАВЛЯЮЩЕЕ 19НВ-8604', 1, 1, 5),
       ('ПОЛУКОЛЬЦО НАПРАВЛЯЮЩЕЕ 19НВ-8605', 1, 1, 5),
       ('ПОЛУКОЛЬЦО НАПРАВЛЯЮЩЕЕ 19НВ-8606', 1, 1, 5),
       ('ПОЛУКОЛЬЦО НАПРАВЛЯЮЩЕЕ 19НВ-8607', 1, 1, 5),
       ('ПОЛУКОЛЬЦО НАПРАВЛЯЮЩЕЕ 19НВ-8608', 1, 1, 5),
       ('ПРОКЛАДКА 10М3', 2, 9, 3),
       ('ПРОКЛАДКА 18М3', 2, 9, 3),
       ('ПРОКЛАДКА 20М3', 2, 9, 3),
       ('ПРОУШИНА 110.01.003', 1, 11, 4),
       ('ПРОУШИНА 240.12.001', 1, 11, 4),
       ('ПРОУШИНА 336.01.007', 1, 11, 4),
       ('ПРОУШИНА 388.12.002', 1, 11, 4),
       ('ПРОУШИНА 388.12.003', 1, 11, 4),
       ('ПРОУШИНА 388.17.001', 1, 5, 4),
       ('ПРОУШИНА 388.17.002', 1, 5, 4),
       ('ПРОУШИНА 500.11.012', 1, 5, 4),
       ('ПРОУШИНА 500.11.013', 1, 5, 4),
       ('ПРОУШИНА 555.10.001', 1, 5, 4),
       ('ПРОУШИНА 559.03.012', 1, 5, 4),
       ('ПРОУШИНА SS30N', 1, 10, 5),
       ('ПРОУШИНА SS30T', 1, 10, 5),
       ('ПРОУШИНА НКМ 905.025', 1, 11, 4),
       ('ПРОУШИНА НКМ 905.039', 1, 11, 4),
       ('ПРОУШИНА НКМ 905.056', 1, 11, 4),
       ('ПРОУШИНА НКМ 905.057', 1, 11, 4),
       ('ПРОУШИНА НКМ 905.059-01', 1, 11, 4),
       ('ПРОУШИНА НКМ 905.065-01', 1, 11, 4),
       ('ПРОУШИНА НКМ 905.075', 1, 11, 4),
       ('ПРОУШИНА НКМ 905.093-04', 1, 11, 4),
       ('ПРОУШИНА НКМ 905.093-05', 1, 11, 4),
       ('ПРОУШИНА НКМ 905.126', 1, 11, 4),
       ('ПРУЖИНА 500Н-17.01.234', 2, 9, 3),
       ('ПРУЖИНА 500Н-17.17.234', 2, 9, 3),
       ('ПРУЖИНА 500Н-17.17.235', 2, 9, 3),
       ('ПРУЖИНА 597.00.005', 2, 9, 3),
       ('ПРУЖИНА 597.02.004', 2, 9, 3),
       ('ПРУЖИНА 848.03.003', 2, 9, 3),
       ('ПРУЖИНА К944-8603593', 2, 9, 3),
       ('СУХАРЬ 944-4003015', 1, 5, 5),
       ('СУХАРЬ 944-4003016', 1, 5, 5),
       ('УГОЛЬНИК 105807.1', 1, 8, 3),
       ('УГОЛЬНИК 105808.1', 1, 8, 3),
       ('УГОЛЬНИК 105809.1', 1, 8, 3),
       ('ЦАПФА 3312-0733.205', 1, 2, 1),
       ('ЦАПФА 3312-0733.206', 1, 2, 1),
       ('ЦАПФА 3312-0733.206-01', 1, 2, 1),
       ('ШАЙБА 12Н', 2, 6, 3),
       ('ШАЙБА 12ОТ', 2, 6, 3),
       ('ШАЙБА 20Н', 2, 6, 3),
       ('ШАЙБА 6Т', 2, 6, 3),
       ('ШАЙБА 8ОТ', 2, 6, 3),
       ('ШАЙБА 8Т', 2, 6, 3),
       ('ШПИЛЬКА М10-6gх20.66', 2, 10, 3),
       ('ШПИЛЬКА М20-6gх30.66', 2, 10, 3),
       ('ШПЛИНТ 4х40.019', 2, 6, 3),
       ('ШПЛИНТ 6.3х100.016', 2, 6, 3),
       ('ШПЛИНТ 6.3х63.016', 2, 7, 3),
       ('ШТИФТ 10х16', 2, 6, 3),
       ('ШТИФТ 10х20', 2, 6, 3),
       ('ШТИФТ 10х45', 2, 6, 3),
       ('ШТИФТ 10х50', 2, 6, 3),
       ('ШТИФТ 10х65', 2, 6, 3),
       ('ШТИФТ 12х60', 2, 6, 3),
       ('ШТИФТ 8х16', 2, 6, 3),
       ('ШТОК К100х180.01', 1, 4, 1),
       ('ШТОК К80х180.01', 1, 4, 1),
       ('ШТОК Н1535-003441', 1, 4, 1),
       ('ШТОК Н1535-003441-01', 1, 4, 1),
       ('ШТОК ТУ-2.15.001', 1, 4, 1),
       ('ШТОК ТУ-2.15.101', 1, 4, 1);

INSERT INTO manufacture.public.arrival
    (doc, count, date, product_id, price)
VALUES (2201129, 150, '2021-01-07', 113, 7.7)
     , (2280657, 890, '2021-01-07', 62, 2)
     , (3295482, 930, '2021-01-07', 101, 19)
     , (3378657, 1090, '2021-01-07', 162, 0.06)
     , (2451784, 180, '2021-01-07', 1, 13.64)
     , (2399979, 1260, '2021-01-07', 70, 2.13)
     , (3915199, 610, '2021-01-07', 59, 9.6)
     , (4210895, 380, '2021-01-07', 57, 12.48)
     , (2968698, 1550, '2021-01-07', 114, 0.05)
     , (4346545, 1930, '2021-01-07', 89, 14.69)
     , (4311096, 410, '2021-01-07', 10, 0.54)
     , (4011795, 1000, '2021-01-07', 155, 0.02)
     , (2783125, 390, '2021-01-07', 24, 0.64)
     , (4635287, 1610, '2021-01-08', 78, 9.12)
     , (4283180, 750, '2021-01-08', 164, 0.06)
     , (2843062, 240, '2021-01-08', 77, 6)
     , (2185987, 220, '2021-01-08', 23, 0.48)
     , (2145064, 980, '2021-01-08', 7, 0.57)
     , (3114769, 200, '2021-01-08', 70, 2.13)
     , (2704870, 1100, '2021-01-08', 50, 1.89)
     , (3896390, 1920, '2021-01-08', 30, 0.64)
     , (2881598, 230, '2021-01-08', 152, 29.6)
     , (2034865, 480, '2021-01-08', 35, 25.1)
     , (4101035, 960, '2021-01-08', 133, 34.3)
     , (2933566, 1070, '2021-01-08', 145, 3)
     , (4569161, 1940, '2021-01-08', 49, 1.46)
     , (3729613, 380, '2021-01-08', 131, 38.63)
     , (3891533, 630, '2021-01-09', 74, 7.56)
     , (3638562, 580, '2021-01-09', 151, 14.6)
     , (2135860, 570, '2021-01-09', 119, 27)
     , (2833918, 920, '2021-01-09', 21, 0.84)
     , (4580733, 1280, '2021-01-09', 174, 23.2)
     , (3088934, 200, '2021-01-09', 97, 19)
     , (4257719, 540, '2021-01-09', 78, 9.12)
     , (3564305, 1670, '2021-01-09', 107, 14.4)
     , (2356922, 130, '2021-01-09', 35, 25.1)
     , (4597633, 1060, '2021-01-09', 128, 27.32)
     , (2980557, 490, '2021-01-09', 24, 0.64)
     , (2289805, 630, '2021-01-09', 155, 0.02)
     , (4083530, 1610, '2021-01-09', 162, 0.06)
     , (3796177, 360, '2021-01-09', 34, 25.9)
     , (4292437, 120, '2021-01-09', 175, 27.5)
     , (4228597, 690, '2021-01-09', 57, 12.48)
     , (3580895, 970, '2021-01-09', 88, 13.07)
     , (2251987, 1980, '2021-01-10', 38, 0.94)
     , (2570602, 280, '2021-01-10', 147, 27.6)
     , (3187522, 430, '2021-01-10', 63, 2)
     , (3861702, 120, '2021-01-10', 43, 1.59)
     , (2419268, 670, '2021-01-10', 28, 0.64)
     , (2519882, 730, '2021-01-10', 145, 3)
     , (4634845, 1970, '2021-01-10', 93, 0.01)
     , (3854083, 1940, '2021-01-10', 59, 9.6)
     , (2396486, 680, '2021-01-10', 153, 27.6)
     , (3600073, 180, '2021-01-10', 94, 0.01)
     , (2848815, 1730, '2021-01-10', 160, 0.03)
     , (3787625, 130, '2021-01-11', 152, 29.6)
     , (3402414, 160, '2021-01-11', 63, 2)
     , (2465230, 1860, '2021-01-11', 136, 34.3)
     , (4371112, 170, '2021-01-11', 148, 27.6)
     , (2333692, 780, '2021-01-11', 112, 7.7)
     , (2854536, 440, '2021-01-11', 32, 0.64)
     , (4460413, 1600, '2021-01-11', 75, 8.64)
     , (2727918, 1310, '2021-01-11', 72, 13.12)
     , (3945544, 730, '2021-01-11', 84, 14.96)
     , (4199770, 790, '2021-01-11', 7, 0.57)
     , (3942738, 780, '2021-01-11', 109, 7.64)
     , (3514437, 1430, '2021-01-11', 148, 27.6)
     , (2028040, 1430, '2021-01-12', 72, 13.12)
     , (2197183, 680, '2021-01-12', 79, 9.55)
     , (4171831, 780, '2021-01-12', 153, 27.6)
     , (3348734, 1880, '2021-01-12', 23, 0.48)
     , (2123773, 1070, '2021-01-12', 76, 6.12)
     , (3190413, 1440, '2021-01-12', 81, 6.34)
     , (2321624, 320, '2021-01-12', 12, 0.94)
     , (4057613, 1560, '2021-01-13', 108, 7.64)
     , (3158248, 130, '2021-01-13', 32, 0.64)
     , (3078900, 1790, '2021-01-13', 106, 14.3)
     , (3989610, 1650, '2021-01-13', 168, 0.86)
     , (3624749, 230, '2021-01-13', 158, 0.02)
     , (4016910, 360, '2021-01-13', 149, 14.6)
     , (2696690, 290, '2021-01-13', 97, 19)
     , (4235436, 930, '2021-01-13', 171, 0.85)
     , (3219064, 770, '2021-01-13', 26, 0.84)
     , (4507854, 1520, '2021-01-13', 144, 3.5)
     , (4495026, 1250, '2021-01-13', 30, 0.64)
     , (3504976, 410, '2021-01-13', 129, 27)
     , (4651905, 830, '2021-01-14', 39, 0.96)
     , (3277349, 1660, '2021-01-14', 45, 1.64)
     , (2169335, 820, '2021-01-14', 129, 27)
     , (2682887, 1580, '2021-01-14', 10, 0.54)
     , (2912850, 310, '2021-01-14', 19, 0.64)
     , (3135039, 1890, '2021-01-14', 28, 0.64)
     , (2892413, 1680, '2021-01-15', 166, 0.78)
     , (3586395, 610, '2021-01-15', 115, 0.05)
     , (4597761, 1340, '2021-01-15', 46, 1.87)
     , (2905298, 1320, '2021-01-15', 121, 32.45)
     , (2676025, 1940, '2021-01-15', 33, 24.16)
     , (3361538, 1580, '2021-01-15', 117, 19.66)
     , (2235932, 1360, '2021-01-15', 153, 27.6)
     , (4428919, 560, '2021-01-15', 158, 0.02)
     , (3808264, 120, '2021-01-15', 145, 3)
     , (4419858, 260, '2021-01-15', 60, 2)
     , (4351011, 1220, '2021-01-15', 40, 1.01)
     , (3767350, 1210, '2021-01-16', 58, 19.64)
     , (3779446, 690, '2021-01-16', 97, 19)
     , (3516373, 1400, '2021-01-16', 165, 0.06)
     , (2805247, 590, '2021-01-16', 73, 7.01)
     , (3169821, 1190, '2021-01-16', 58, 19.64)
     , (2715739, 290, '2021-01-16', 124, 29.33)
     , (4029517, 380, '2021-01-16', 86, 15.21)
     , (4409539, 990, '2021-01-16', 23, 0.48)
     , (4398157, 680, '2021-01-16', 62, 2)
     , (2176502, 550, '2021-01-16', 177, 24.65)
     , (3261515, 1410, '2021-01-16', 42, 1.2)
     , (2680380, 1550, '2021-01-16', 152, 29.6)
     , (3891615, 180, '2021-01-16', 126, 31.17)
     , (2540978, 380, '2021-01-16', 173, 24.65)
     , (2431274, 1850, '2021-01-16', 67, 1.79)
     , (2734067, 1110, '2021-01-17', 53, 6)
     , (4206665, 930, '2021-01-17', 69, 1.79)
     , (2137909, 1280, '2021-01-17', 52, 4.6)
     , (3512453, 1300, '2021-01-17', 5, 13.09)
     , (2725617, 1540, '2021-01-17', 124, 29.33)
     , (3476062, 1460, '2021-01-17', 19, 0.64)
     , (3551399, 460, '2021-01-17', 2, 9.06)
     , (3479961, 1670, '2021-01-17', 68, 1.79)
     , (2576124, 1340, '2021-01-17', 77, 6)
     , (3050047, 1780, '2021-01-17', 177, 24.65)
     , (2087162, 1390, '2021-01-17', 76, 6.12)
     , (3313996, 1770, '2021-01-17', 122, 32.45)
     , (4260010, 690, '2021-01-17', 52, 4.6)
     , (3768148, 1500, '2021-01-17', 96, 0.02)
     , (2491080, 1240, '2021-01-18', 67, 1.79)
     , (3453702, 430, '2021-01-18', 55, 0.09)
     , (4627966, 1750, '2021-01-18', 117, 19.66)
     , (4498935, 720, '2021-01-18', 8, 0.7)
     , (4384803, 130, '2021-01-18', 3, 14.5)
     , (3313758, 270, '2021-01-18', 8, 0.7)
     , (2822115, 1550, '2021-01-18', 18, 0.35)
     , (3403456, 360, '2021-01-18', 24, 0.64)
     , (4340494, 1570, '2021-01-18', 18, 0.35)
     , (4243578, 1040, '2021-01-18', 80, 5.64)
     , (4182466, 1040, '2021-01-19', 88, 13.07)
     , (3525865, 2000, '2021-01-19', 77, 6)
     , (2164640, 460, '2021-01-19', 9, 0.6)
     , (4071500, 410, '2021-01-19', 148, 27.6)
     , (3905292, 1550, '2021-01-19', 178, 24.65)
     , (2255326, 1820, '2021-01-19', 1, 13.64)
     , (3672728, 480, '2021-01-19', 152, 29.6)
     , (4282490, 1600, '2021-01-19', 11, 0.34)
     , (4024382, 500, '2021-01-19', 156, 0.04)
     , (4165072, 900, '2021-01-19', 136, 34.3)
     , (2015787, 1900, '2021-01-19', 45, 1.64)
     , (4301740, 1660, '2021-01-19', 58, 19.64)
     , (3043419, 250, '2021-01-19', 73, 7.01)
     , (2738264, 1430, '2021-01-19', 143, 3.5)
     , (3035357, 1050, '2021-01-19', 108, 7.64)
     , (3940569, 1850, '2021-01-19', 30, 0.64)
     , (2952203, 1430, '2021-01-19', 154, 27.6)
     , (4600621, 1140, '2021-01-19', 107, 14.4)
     , (4503594, 1920, '2021-01-19', 13, 0.34)
     , (2863436, 300, '2021-01-20', 86, 15.21)
     , (3595310, 780, '2021-01-20', 31, 0.54)
     , (3790370, 1770, '2021-01-20', 103, 21.1)
     , (4085632, 990, '2021-01-20', 44, 1.4)
     , (2585001, 1250, '2021-01-20', 124, 29.33)
     , (3839018, 1090, '2021-01-20', 106, 14.3)
     , (4524343, 850, '2021-01-20', 114, 0.05)
     , (3210587, 480, '2021-01-20', 62, 2)
     , (4649273, 600, '2021-01-20', 99, 19)
     , (4656041, 1500, '2021-01-21', 65, 2.5)
     , (3383867, 350, '2021-01-21', 131, 38.63)
     , (3495250, 1150, '2021-01-21', 82, 6.34)
     , (2743852, 350, '2021-01-21', 91, 21.5)
     , (4398596, 610, '2021-01-21', 166, 0.78)
     , (4285607, 490, '2021-01-21', 178, 24.65)
     , (2428709, 1170, '2021-01-21', 34, 25.9)
     , (4004750, 1380, '2021-01-21', 127, 34.5)
     , (3592731, 1330, '2021-01-21', 37, 28.26)
     , (3031117, 340, '2021-01-21', 91, 21.5)
     , (3454089, 1620, '2021-01-21', 176, 28.3)
     , (4004883, 1310, '2021-01-21', 6, 0.5)
     , (2908815, 840, '2021-01-21', 65, 2.5)
     , (2352751, 730, '2021-01-21', 135, 38.1)
     , (4268496, 1390, '2021-01-21', 175, 27.5)
     , (3338925, 1520, '2021-01-22', 40, 1.01)
     , (3203623, 1410, '2021-01-22', 115, 0.05)
     , (3474468, 1030, '2021-01-22', 138, 39)
     , (4599134, 1210, '2021-01-22', 132, 34.3)
     , (4584673, 1830, '2021-01-22', 82, 6.34)
     , (2799264, 1220, '2021-01-22', 113, 7.7)
     , (3343505, 560, '2021-01-22', 72, 13.12)
     , (3988720, 1080, '2021-01-22', 111, 7.7)
     , (2538537, 1570, '2021-01-23', 125, 29.5)
     , (3088774, 1270, '2021-01-23', 157, 0.03)
     , (3424652, 1510, '2021-01-23', 137, 40)
     , (2916254, 1260, '2021-01-23', 67, 1.79)
     , (2317350, 1650, '2021-01-23', 79, 9.55)
     , (3045145, 570, '2021-01-23', 1, 13.64)
     , (2280730, 1040, '2021-01-23', 131, 38.63)
     , (4252085, 1990, '2021-01-23', 178, 24.65)
     , (4389444, 1220, '2021-01-23', 164, 0.06)
     , (2293777, 1110, '2021-01-24', 65, 2.5)
     , (4402018, 170, '2021-01-24', 145, 3)
     , (3201148, 1330, '2021-01-24', 122, 32.45)
     , (2529697, 1880, '2021-01-24', 24, 0.64)
     , (3979709, 1660, '2021-01-24', 47, 2.01)
     , (2389295, 1440, '2021-01-24', 15, 0.35)
     , (4020394, 1060, '2021-01-24', 71, 12.5)
     , (2992093, 210, '2021-01-24', 125, 29.5)
     , (2348884, 1740, '2021-01-24', 162, 0.06)
     , (2044459, 1280, '2021-01-24', 18, 0.35)
     , (2451326, 1690, '2021-01-24', 57, 12.48)
     , (2896942, 550, '2021-01-24', 106, 14.3)
     , (3881121, 1550, '2021-01-24', 26, 0.84)
     , (4009768, 1570, '2021-01-25', 87, 16.4)
     , (3942589, 1550, '2021-01-25', 100, 19)
     , (2646373, 370, '2021-01-25', 7, 0.57)
     , (3107245, 350, '2021-01-25', 112, 7.7)
     , (2441946, 1890, '2021-01-25', 74, 7.56)
     , (2641667, 1710, '2021-01-25', 155, 0.02)
     , (3710540, 1970, '2021-01-25', 152, 29.6)
     , (2352731, 740, '2021-01-25', 32, 0.64)
     , (2908998, 660, '2021-01-25', 109, 7.64)
     , (4316712, 590, '2021-01-25', 27, 0.48)
     , (3718580, 620, '2021-01-25', 59, 9.6)
     , (3874367, 940, '2021-01-25', 134, 31)
     , (2295207, 1700, '2021-01-25', 106, 14.3)
     , (4595204, 160, '2021-01-25', 163, 0.05)
     , (3032278, 1530, '2021-01-25', 61, 2)
     , (3132305, 180, '2021-01-25', 34, 25.9)
     , (2456914, 1210, '2021-01-25', 95, 0.02)
     , (2970238, 880, '2021-01-25', 121, 32.45)
     , (2001462, 1710, '2021-01-25', 139, 38.45)
     , (3878647, 1350, '2021-01-25', 120, 31.3)
     , (2592382, 390, '2021-01-25', 118, 27.45)
     , (2699557, 1360, '2021-01-26', 44, 1.4)
     , (4432241, 300, '2021-01-26', 53, 6)
     , (4125893, 930, '2021-01-26', 80, 5.64)
     , (2075273, 1270, '2021-01-26', 122, 32.45)
     , (2390358, 1740, '2021-01-26', 81, 6.34)
     , (3249060, 690, '2021-01-26', 136, 34.3)
     , (3007077, 1640, '2021-01-27', 127, 34.5)
     , (4579792, 990, '2021-01-27', 118, 27.45)
     , (3055394, 1940, '2021-01-27', 44, 1.4)
     , (3802041, 1760, '2021-01-27', 3, 14.5)
     , (2882400, 1280, '2021-01-27', 4, 14.56)
     , (3708194, 1000, '2021-01-27', 170, 0.93)
     , (3983715, 1580, '2021-01-27', 43, 1.59)
     , (3890183, 670, '2021-01-27', 169, 0.9)
     , (4135161, 220, '2021-01-28', 26, 0.84)
     , (2424232, 1470, '2021-01-28', 81, 6.34)
     , (2168358, 1340, '2021-01-28', 107, 14.4)
     , (3366254, 720, '2021-01-28', 48, 1.01)
     , (3658343, 310, '2021-01-28', 35, 25.1)
     , (2038594, 1670, '2021-01-28', 62, 2)
     , (2173337, 320, '2021-01-28', 35, 25.1)
     , (3652798, 110, '2021-01-29', 162, 0.06)
     , (2649233, 120, '2021-01-29', 147, 27.6)
     , (3353536, 1980, '2021-01-29', 81, 6.34)
     , (4027589, 1570, '2021-01-29', 53, 6)
     , (4194750, 1550, '2021-01-29', 41, 1.12)
     , (3631560, 1100, '2021-01-29', 42, 1.2)
     , (3578965, 340, '2021-01-29', 24, 0.64)
     , (3786012, 1950, '2021-01-29', 45, 1.64)
     , (3940654, 1770, '2021-01-29', 35, 25.1)
     , (4577680, 1270, '2021-01-29', 68, 1.79)
     , (3367011, 880, '2021-01-29', 121, 32.45)
     , (2335999, 920, '2021-01-30', 54, 17.8)
     , (2302002, 380, '2021-01-30', 80, 5.64)
     , (4526752, 1060, '2021-01-30', 48, 1.01)
     , (3766977, 520, '2021-01-30', 1, 13.64)
     , (4399787, 1150, '2021-01-30', 108, 7.64)
     , (3973478, 1570, '2021-01-30', 123, 31)
     , (2952571, 1510, '2021-01-30', 68, 1.79)
     , (3526419, 210, '2021-01-31', 36, 26.56)
     , (3784506, 430, '2021-01-31', 139, 38.45)
     , (4388548, 360, '2021-01-31', 109, 7.64)
     , (3627153, 650, '2021-01-31', 62, 2)
     , (3047832, 1260, '2021-01-31', 159, 0.02)
     , (2044463, 880, '2021-01-31', 173, 24.65)
     , (2798130, 220, '2021-01-31', 12, 0.94)
     , (2812209, 1090, '2021-01-31', 89, 14.69)
     , (3873555, 1500, '2021-01-31', 143, 3.5)
     , (3935248, 1180, '2021-01-31', 65, 2.5)
     , (2375010, 1820, '2021-01-31', 76, 6.12)
     , (4288388, 360, '2021-01-31', 10, 0.54)
     , (4356317, 1900, '2021-01-31', 99, 19)
     , (3882740, 640, '2021-02-01', 165, 0.06)
     , (2485992, 460, '2021-02-01', 112, 7.7)
     , (4316820, 270, '2021-02-01', 53, 6)
     , (2463865, 2000, '2021-02-01', 49, 1.46)
     , (4021299, 1430, '2021-02-01', 161, 0.04)
     , (3261132, 1240, '2021-02-01', 48, 1.01)
     , (2419446, 760, '2021-02-01', 159, 0.02)
     , (3189991, 920, '2021-02-01', 40, 1.01)
     , (3965927, 120, '2021-02-01', 111, 7.7)
     , (2710848, 170, '2021-02-01', 84, 14.96)
     , (3708850, 1040, '2021-02-01', 16, 0.44)
     , (4470226, 750, '2021-02-01', 145, 3)
     , (3034849, 1790, '2021-02-02', 38, 0.94)
     , (2316281, 110, '2021-02-02', 75, 8.64)
     , (2167547, 1250, '2021-02-02', 111, 7.7)
     , (3610459, 1510, '2021-02-02', 75, 8.64)
     , (2420456, 1910, '2021-02-02', 110, 7.64)
     , (4051612, 1520, '2021-02-02', 81, 6.34)
     , (3565087, 200, '2021-02-02', 145, 3)
     , (2651326, 200, '2021-02-02', 89, 14.69)
     , (2803421, 1240, '2021-02-02', 23, 0.48)
     , (3380283, 280, '2021-02-02', 79, 9.55)
     , (2109395, 1430, '2021-02-02', 35, 25.1)
     , (2620127, 1100, '2021-02-02', 142, 2.5)
     , (2708176, 1910, '2021-02-02', 118, 27.45)
     , (3688090, 1640, '2021-02-02', 36, 26.56)
     , (2035110, 1590, '2021-02-03', 94, 0.01)
     , (3370397, 110, '2021-02-03', 120, 31.3)
     , (3223741, 1770, '2021-02-03', 172, 0.74)
     , (2523373, 1500, '2021-02-03', 122, 32.45)
     , (3921259, 750, '2021-02-03', 93, 0.01)
     , (3490868, 200, '2021-02-03', 29, 0.14)
     , (2486590, 410, '2021-02-03', 87, 16.4)
     , (4638061, 1430, '2021-02-03', 116, 0.06)
     , (3712257, 370, '2021-02-03', 104, 21.34)
     , (2432439, 1930, '2021-02-03', 24, 0.64)
     , (2123922, 1670, '2021-02-03', 173, 24.65)
     , (4437075, 1210, '2021-02-04', 47, 2.01)
     , (4005753, 1910, '2021-02-04', 122, 32.45)
     , (2954932, 330, '2021-02-04', 95, 0.02)
     , (2681384, 120, '2021-02-04', 123, 31)
     , (2751955, 560, '2021-02-04', 110, 7.64)
     , (2833758, 1900, '2021-02-04', 55, 0.09)
     , (4104779, 220, '2021-02-04', 158, 0.02)
     , (2714725, 1710, '2021-02-04', 150, 14.6)
     , (4023824, 450, '2021-02-04', 167, 0.82)
     , (4170270, 1170, '2021-02-04', 111, 7.7)
     , (2622751, 1380, '2021-02-04', 6, 0.5)
     , (2162743, 460, '2021-02-05', 45, 1.64)
     , (2577176, 650, '2021-02-05', 74, 7.56)
     , (3873408, 1770, '2021-02-05', 78, 9.12)
     , (4482054, 1790, '2021-02-05', 64, 2.5)
     , (3671784, 500, '2021-02-05', 24, 0.64)
     , (2097917, 1020, '2021-02-05', 84, 14.96)
     , (3014764, 1890, '2021-02-06', 20, 0.44)
     , (2852996, 970, '2021-02-06', 160, 0.03)
     , (2225614, 1470, '2021-02-06', 169, 0.9)
     , (4373046, 460, '2021-02-06', 44, 1.4)
     , (2650091, 880, '2021-02-06', 166, 0.78)
     , (2501309, 250, '2021-02-06', 115, 0.05)
     , (3166546, 320, '2021-02-06', 13, 0.34)
     , (3168933, 720, '2021-02-07', 171, 0.85)
     , (3570943, 450, '2021-02-07', 5, 13.09)
     , (3797242, 1840, '2021-02-07', 155, 0.02)
     , (3199232, 410, '2021-02-07', 157, 0.03)
     , (4255488, 1850, '2021-02-07', 63, 2)
     , (3114227, 110, '2021-02-07', 123, 31)
     , (3893053, 1700, '2021-02-07', 41, 1.12)
     , (4152067, 330, '2021-02-07', 127, 34.5)
     , (4260789, 110, '2021-02-08', 90, 21)
     , (2714047, 930, '2021-02-08', 96, 0.02)
     , (3364995, 1580, '2021-02-08', 25, 0.34)
     , (3416502, 800, '2021-02-08', 100, 19)
     , (3073915, 1290, '2021-02-08', 51, 4.6)
     , (3702262, 190, '2021-02-08', 117, 19.66)
     , (3970575, 770, '2021-02-08', 157, 0.03)
     , (2771612, 200, '2021-02-08', 102, 19)
     , (2692945, 1890, '2021-02-08', 41, 1.12)
     , (4031359, 1950, '2021-02-08', 15, 0.35)
     , (3444227, 1750, '2021-02-08', 136, 34.3)
     , (3852322, 590, '2021-02-09', 30, 0.64)
     , (3493934, 760, '2021-02-09', 41, 1.12)
     , (3554148, 820, '2021-02-09', 15, 0.35)
     , (2560217, 1460, '2021-02-09', 4, 14.56)
     , (4534885, 700, '2021-02-09', 147, 27.6)
     , (4355948, 1930, '2021-02-09', 74, 7.56)
     , (3639118, 1220, '2021-02-09', 178, 24.65)
     , (4240680, 390, '2021-02-09', 170, 0.93)
     , (2735849, 770, '2021-02-09', 149, 14.6)
     , (4309082, 470, '2021-02-09', 36, 26.56)
     , (3270248, 150, '2021-02-09', 33, 24.16)
     , (4531919, 690, '2021-02-10', 171, 0.85)
     , (4214912, 260, '2021-02-10', 136, 34.3)
     , (4433475, 1010, '2021-02-10', 1, 13.64)
     , (3358662, 850, '2021-02-10', 12, 0.94)
     , (2627854, 1090, '2021-02-10', 159, 0.02)
     , (4524440, 630, '2021-02-10', 160, 0.03)
     , (2384050, 1860, '2021-02-10', 71, 12.5)
     , (3293417, 230, '2021-02-10', 108, 7.64)
     , (3938592, 1020, '2021-02-10', 163, 0.05)
     , (2631957, 1330, '2021-02-11', 106, 14.3)
     , (4466434, 150, '2021-02-11', 7, 0.57)
     , (3161316, 1150, '2021-02-11', 80, 5.64)
     , (3491108, 1030, '2021-02-11', 93, 0.01)
     , (3960862, 1290, '2021-02-11', 152, 29.6)
     , (3236100, 1600, '2021-02-11', 106, 14.3)
     , (4127998, 220, '2021-02-11', 133, 34.3)
     , (4562394, 250, '2021-02-11', 156, 0.04)
     , (3958886, 930, '2021-02-11', 173, 24.65)
     , (2699309, 1960, '2021-02-12', 96, 0.02)
     , (2472529, 1950, '2021-02-12', 121, 32.45)
     , (4047959, 760, '2021-02-12', 104, 21.34)
     , (4074354, 1460, '2021-02-12', 62, 2)
     , (2708734, 790, '2021-02-12', 133, 34.3)
     , (2115525, 790, '2021-02-12', 136, 34.3)
     , (3630327, 1510, '2021-02-12', 33, 24.16)
     , (2758210, 930, '2021-02-12', 110, 7.64)
     , (3062268, 810, '2021-02-12', 68, 1.79)
     , (2348428, 610, '2021-02-13', 9, 0.6)
     , (3976468, 660, '2021-02-13', 18, 0.35)
     , (2053274, 1380, '2021-02-13', 106, 14.3)
     , (2920780, 880, '2021-02-13', 60, 2)
     , (3457856, 260, '2021-02-13', 57, 12.48)
     , (2402762, 1050, '2021-02-13', 164, 0.06)
     , (2203358, 1440, '2021-02-13', 56, 0.09)
     , (4642280, 1790, '2021-02-13', 99, 19)
     , (3735805, 1740, '2021-02-14', 83, 14.65)
     , (2131192, 1580, '2021-02-14', 99, 19)
     , (2906675, 1830, '2021-02-14', 27, 0.48)
     , (2028670, 670, '2021-02-14', 124, 29.33)
     , (2220875, 120, '2021-02-14', 72, 13.12)
     , (4024785, 1900, '2021-02-14', 18, 0.35)
     , (2724513, 290, '2021-02-14', 88, 13.07)
     , (3533077, 1870, '2021-02-14', 15, 0.35)
     , (3586089, 1320, '2021-02-14', 112, 7.7)
     , (3721822, 1700, '2021-02-14', 21, 0.84)
     , (2609051, 1670, '2021-02-14', 148, 27.6)
     , (2046179, 690, '2021-02-15', 147, 27.6)
     , (4089233, 670, '2021-02-15', 104, 21.34)
     , (3198456, 1930, '2021-02-15', 133, 34.3)
     , (3480826, 450, '2021-02-15', 8, 0.7)
     , (2542723, 1790, '2021-02-15', 5, 13.09)
     , (2262918, 1240, '2021-02-15', 140, 2.76)
     , (3118613, 660, '2021-02-15', 138, 39)
     , (2401260, 1850, '2021-02-15', 175, 27.5)
     , (3175179, 200, '2021-02-15', 146, 3.48)
     , (2022667, 1450, '2021-02-15', 164, 0.06)
     , (4013203, 1960, '2021-02-15', 100, 19)
     , (2949454, 1630, '2021-02-16', 14, 0.45)
     , (3624841, 1780, '2021-02-16', 13, 0.34)
     , (3409440, 1290, '2021-02-16', 14, 0.45)
     , (2239093, 1530, '2021-02-16', 96, 0.02)
     , (4492505, 170, '2021-02-16', 119, 27)
     , (3251464, 1380, '2021-02-16', 15, 0.35)
     , (4545539, 260, '2021-02-16', 117, 19.66)
     , (2233867, 1480, '2021-02-16', 128, 27.32)
     , (3152595, 1580, '2021-02-16', 164, 0.06)
     , (4058881, 1900, '2021-02-16', 53, 6)
     , (2211728, 220, '2021-02-17', 156, 0.04)
     , (4637429, 900, '2021-02-17', 15, 0.35)
     , (3604015, 1780, '2021-02-17', 62, 2)
     , (3675998, 920, '2021-02-17', 68, 1.79)
     , (2182437, 530, '2021-02-17', 28, 0.64)
     , (2341844, 1520, '2021-02-17', 170, 0.93)
     , (4051648, 270, '2021-02-17', 81, 6.34)
     , (2529933, 670, '2021-02-17', 86, 15.21)
     , (2233981, 1450, '2021-02-17', 96, 0.02)
     , (3864991, 1350, '2021-02-17', 12, 0.94)
     , (4305168, 1040, '2021-02-17', 69, 1.79)
     , (3893655, 480, '2021-02-17', 123, 31)
     , (4130007, 150, '2021-02-17', 155, 0.02)
     , (2997544, 1100, '2021-02-17', 148, 27.6)
     , (2291400, 340, '2021-02-17', 60, 2)
     , (4619480, 500, '2021-02-18', 122, 32.45)
     , (3576594, 1270, '2021-02-18', 18, 0.35)
     , (4106925, 1950, '2021-02-18', 31, 0.54)
     , (2166810, 400, '2021-02-18', 165, 0.06)
     , (3864015, 930, '2021-02-18', 135, 38.1)
     , (3084212, 120, '2021-02-18', 168, 0.86)
     , (2833232, 670, '2021-02-18', 102, 19)
     , (3335573, 1610, '2021-02-18', 42, 1.2)
     , (3818655, 290, '2021-02-18', 96, 0.02)
     , (2901047, 1160, '2021-02-18', 64, 2.5)
     , (2244197, 190, '2021-02-18', 12, 0.94)
     , (4103728, 1430, '2021-02-19', 125, 29.5)
     , (2741246, 1850, '2021-02-19', 121, 32.45)
     , (2673729, 1540, '2021-02-19', 92, 19.6)
     , (3497847, 1350, '2021-02-19', 146, 3.48)
     , (3707274, 910, '2021-02-19', 131, 38.63)
     , (4417797, 160, '2021-02-19', 56, 0.09)
     , (4169465, 1670, '2021-02-19', 115, 0.05)
     , (2275295, 1760, '2021-02-19', 36, 26.56)
     , (4450066, 1690, '2021-02-19', 5, 13.09)
     , (3759217, 1880, '2021-02-19', 51, 4.6)
     , (3985729, 710, '2021-02-20', 67, 1.79)
     , (2958807, 990, '2021-02-20', 12, 0.94)
     , (2386063, 1650, '2021-02-20', 33, 24.16)
     , (2329930, 650, '2021-02-20', 35, 25.1)
     , (3318374, 970, '2021-02-20', 105, 21.34)
     , (4188561, 410, '2021-02-20', 72, 13.12)
     , (2647737, 810, '2021-02-21', 140, 2.76)
     , (2348267, 1030, '2021-02-21', 177, 24.65)
     , (3307458, 1740, '2021-02-21', 21, 0.84)
     , (3164912, 620, '2021-02-21', 7, 0.57)
     , (3263973, 130, '2021-02-21', 29, 0.14)
     , (2729792, 670, '2021-02-21', 48, 1.01)
     , (2591968, 440, '2021-02-21', 119, 27)
     , (3265388, 590, '2021-02-21', 122, 32.45)
     , (2870171, 680, '2021-02-21', 107, 14.4)
     , (2271568, 360, '2021-02-22', 114, 0.05)
     , (2246733, 1730, '2021-02-22', 170, 0.93)
     , (3196312, 1210, '2021-02-22', 167, 0.82)
     , (2845214, 1430, '2021-02-22', 70, 2.13)
     , (4382760, 1460, '2021-02-22', 53, 6)
     , (2873508, 290, '2021-02-22', 54, 17.8)
     , (3152826, 1940, '2021-02-23', 53, 6)
     , (4317275, 1000, '2021-02-23', 55, 0.09)
     , (4036295, 180, '2021-02-23', 78, 9.12)
     , (2323297, 1050, '2021-02-23', 53, 6)
     , (3559188, 520, '2021-02-23', 1, 13.64)
     , (2842685, 1540, '2021-02-23', 1, 13.64)
     , (3498360, 1590, '2021-02-23', 174, 23.2)
     , (3817537, 420, '2021-02-24', 85, 15.21)
     , (3768459, 1540, '2021-02-24', 7, 0.57)
     , (3068405, 1380, '2021-02-24', 160, 0.03)
     , (4062612, 1870, '2021-02-24', 68, 1.79)
     , (3803054, 1570, '2021-02-24', 161, 0.04)
     , (4139332, 210, '2021-02-24', 94, 0.01)
     , (4460245, 340, '2021-02-24', 67, 1.79)
     , (3154174, 800, '2021-02-24', 98, 19)
     , (2663697, 240, '2021-02-25', 10, 0.54)
     , (3846026, 1580, '2021-02-25', 126, 31.17)
     , (2855751, 1270, '2021-02-25', 32, 0.64)
     , (2530441, 1110, '2021-02-25', 93, 0.01)
     , (3519385, 450, '2021-02-25', 113, 7.7)
     , (4395783, 970, '2021-02-25', 115, 0.05)
     , (4196898, 1980, '2021-02-25', 3, 14.5)
     , (4588291, 1430, '2021-02-25', 142, 2.5)
     , (2137647, 450, '2021-02-25', 38, 0.94)
     , (3592200, 1100, '2021-02-26', 43, 1.59)
     , (3279786, 1370, '2021-02-26', 134, 31)
     , (3211911, 660, '2021-02-26', 57, 12.48)
     , (4319017, 1700, '2021-02-26', 15, 0.35)
     , (3248037, 700, '2021-02-26', 37, 28.26)
     , (3944200, 1830, '2021-02-26', 45, 1.64)
     , (4071216, 1020, '2021-02-26', 87, 16.4)
     , (4054929, 1900, '2021-02-26', 154, 27.6)
     , (3585840, 310, '2021-02-26', 12, 0.94)
     , (2908862, 290, '2021-02-26', 53, 6)
     , (3258183, 1580, '2021-02-26', 13, 0.34)
     , (3193091, 1520, '2021-02-26', 86, 15.21)
     , (2073073, 320, '2021-02-27', 31, 0.54)
     , (3504478, 1520, '2021-02-27', 122, 32.45)
     , (2696143, 1310, '2021-02-27', 137, 40)
     , (4257392, 1780, '2021-02-27', 134, 31)
     , (3671575, 770, '2021-02-27', 129, 27)
     , (2407657, 140, '2021-02-27', 90, 21)
     , (2783602, 1580, '2021-02-27', 155, 0.02)
     , (3936276, 1610, '2021-02-27', 157, 0.03)
     , (2155988, 320, '2021-02-28', 162, 0.06)
     , (2873688, 1420, '2021-02-28', 93, 0.01)
     , (4659429, 740, '2021-02-28', 35, 25.1)
     , (2073139, 1820, '2021-02-28', 29, 0.14)
     , (4036494, 1440, '2021-02-28', 65, 2.5)
     , (2939938, 800, '2021-02-28', 110, 7.64)
     , (4183202, 740, '2021-02-28', 149, 14.6)
     , (2482476, 760, '2021-02-28', 84, 14.96)
     , (4628200, 1050, '2021-02-28', 26, 0.84)
     , (3962529, 1000, '2021-03-01', 33, 24.16)
     , (2075879, 1290, '2021-03-01', 128, 27.32)
     , (4605212, 1520, '2021-03-01', 164, 0.06)
     , (4563883, 1120, '2021-03-01', 167, 0.82)
     , (2052712, 1530, '2021-03-01', 99, 19)
     , (3645161, 1820, '2021-03-01', 89, 14.69)
     , (2307422, 1130, '2021-03-01', 55, 0.09)
     , (3555777, 1630, '2021-03-01', 10, 0.54)
     , (3120152, 1930, '2021-03-01', 150, 14.6)
     , (4309119, 200, '2021-03-01', 31, 0.54)
     , (3097675, 1150, '2021-03-01', 43, 1.59)
     , (4067322, 200, '2021-03-02', 134, 31)
     , (3591923, 300, '2021-03-02', 170, 0.93)
     , (4456741, 200, '2021-03-02', 97, 19)
     , (4360722, 1810, '2021-03-02', 142, 2.5)
     , (3819065, 610, '2021-03-02', 152, 29.6)
     , (2683070, 330, '2021-03-02', 23, 0.48)
     , (2238860, 530, '2021-03-02', 48, 1.01)
     , (4186073, 1090, '2021-03-02', 38, 0.94)
     , (2840328, 720, '2021-03-02', 49, 1.46)
     , (2911521, 720, '2021-03-02', 159, 0.02)
     , (3717764, 1020, '2021-03-02', 49, 1.46)
     , (4027954, 330, '2021-03-02', 1, 13.64)
     , (4281171, 1810, '2021-03-02', 143, 3.5)
     , (3439852, 2000, '2021-03-02', 140, 2.76)
     , (4228774, 350, '2021-03-02', 174, 23.2)
     , (3741239, 1810, '2021-03-02', 134, 31)
     , (2449246, 840, '2021-03-02', 120, 31.3)
     , (2422168, 240, '2021-03-02', 137, 40)
     , (2796924, 700, '2021-03-03', 46, 1.87)
     , (3573671, 170, '2021-03-03', 31, 0.54)
     , (3787237, 240, '2021-03-03', 168, 0.86)
     , (4467063, 1970, '2021-03-04', 61, 2)
     , (2109979, 1660, '2021-03-04', 109, 7.64)
     , (3322514, 370, '2021-03-04', 5, 13.09)
     , (3518243, 880, '2021-03-04', 36, 26.56)
     , (2483250, 220, '2021-03-04', 131, 38.63)
     , (4242333, 120, '2021-03-05', 134, 31)
     , (4481851, 1290, '2021-03-05', 33, 24.16)
     , (3314648, 750, '2021-03-05', 123, 31)
     , (3256590, 1590, '2021-03-05', 102, 19)
     , (2804661, 1850, '2021-03-05', 178, 24.65)
     , (3337320, 630, '2021-03-05', 121, 32.45)
     , (2332332, 140, '2021-03-05', 49, 1.46)
     , (4552421, 660, '2021-03-05', 85, 15.21)
     , (3354251, 340, '2021-03-05', 66, 2.5)
     , (3825943, 950, '2021-03-05', 132, 34.3)
     , (3658821, 1440, '2021-03-05', 4, 14.56)
     , (2271821, 1800, '2021-03-05', 64, 2.5)
     , (3523966, 1960, '2021-03-05', 121, 32.45)
     , (4168047, 1210, '2021-03-05', 23, 0.48)
     , (4230794, 1920, '2021-03-06', 144, 3.5)
     , (4422172, 1900, '2021-03-06', 175, 27.5)
     , (2427326, 550, '2021-03-06', 83, 14.65)
     , (4431396, 1540, '2021-03-06', 127, 34.5)
     , (2243108, 900, '2021-03-06', 24, 0.64)
     , (2169100, 350, '2021-03-06', 83, 14.65)
     , (3043615, 1720, '2021-03-06', 55, 0.09)
     , (4415467, 740, '2021-03-06', 159, 0.02)
     , (2244412, 170, '2021-03-06', 125, 29.5)
     , (2254501, 1660, '2021-03-07', 127, 34.5)
     , (4500879, 1070, '2021-03-07', 30, 0.64)
     , (3611036, 470, '2021-03-07', 137, 40)
     , (3498787, 1510, '2021-03-07', 162, 0.06)
     , (3019749, 1300, '2021-03-07', 61, 2)
     , (3687707, 1880, '2021-03-07', 45, 1.64)
     , (3192689, 380, '2021-03-07', 10, 0.54)
     , (3621047, 1970, '2021-03-07', 28, 0.64)
     , (2444070, 1310, '2021-03-07', 46, 1.87)
     , (2378973, 1410, '2021-03-07', 112, 7.7)
     , (4184009, 760, '2021-03-08', 163, 0.05)
     , (2258698, 1070, '2021-03-08', 88, 13.07)
     , (2851094, 580, '2021-03-08', 37, 28.26)
     , (3995836, 610, '2021-03-08', 83, 14.65)
     , (3154094, 1510, '2021-03-08', 126, 31.17)
     , (2104097, 1510, '2021-03-08', 32, 0.64)
     , (3625422, 1270, '2021-03-09', 98, 19)
     , (2179770, 1520, '2021-03-09', 176, 28.3)
     , (2291548, 1430, '2021-03-09', 148, 27.6)
     , (4599475, 880, '2021-03-09', 19, 0.64)
     , (2975498, 1450, '2021-03-09', 108, 7.64)
     , (2179879, 1500, '2021-03-09', 69, 1.79)
     , (4582310, 1020, '2021-03-09', 170, 0.93)
     , (3985804, 1940, '2021-03-09', 143, 3.5)
     , (4495835, 620, '2021-03-09', 122, 32.45)
     , (4608277, 1800, '2021-03-09', 44, 1.4)
     , (3403549, 170, '2021-03-10', 163, 0.05)
     , (2896706, 150, '2021-03-10', 17, 0.54)
     , (3238468, 1200, '2021-03-10', 169, 0.9)
     , (2623773, 1110, '2021-03-10', 91, 21.5)
     , (3076947, 1810, '2021-03-10', 133, 34.3)
     , (4407849, 1170, '2021-03-10', 20, 0.44)
     , (4274578, 280, '2021-03-10', 33, 24.16)
     , (3706494, 1690, '2021-03-11', 163, 0.05)
     , (3642549, 710, '2021-03-11', 12, 0.94)
     , (3263374, 1980, '2021-03-11', 173, 24.65)
     , (2178795, 1280, '2021-03-11', 13, 0.34)
     , (2881203, 740, '2021-03-11', 171, 0.85)
     , (4186399, 1710, '2021-03-11', 32, 0.64)
     , (4562565, 1560, '2021-03-11', 77, 6)
     , (2718527, 1120, '2021-03-11', 38, 0.94)
     , (3432195, 730, '2021-03-11', 161, 0.04)
     , (4235422, 1100, '2021-03-11', 97, 19)
     , (4366751, 350, '2021-03-12', 172, 0.74)
     , (3245981, 320, '2021-03-12', 11, 0.34)
     , (3913156, 1490, '2021-03-13', 108, 7.64)
     , (3800679, 220, '2021-03-13', 161, 0.04)
     , (4230791, 1150, '2021-03-13', 146, 3.48)
     , (3386616, 650, '2021-03-13', 94, 0.01)
     , (4436968, 540, '2021-03-13', 32, 0.64)
     , (3681019, 2000, '2021-03-13', 171, 0.85)
     , (2725514, 1300, '2021-03-13', 150, 14.6)
     , (2152515, 1110, '2021-03-13', 14, 0.45)
     , (2416245, 1280, '2021-03-13', 124, 29.33)
     , (2516828, 630, '2021-03-13', 70, 2.13)
     , (2338014, 830, '2021-03-13', 139, 38.45)
     , (3453973, 1260, '2021-03-14', 77, 6)
     , (2059826, 370, '2021-03-14', 2, 9.06)
     , (3753354, 1980, '2021-03-14', 48, 1.01)
     , (4136238, 1720, '2021-03-14', 53, 6)
     , (3288180, 1210, '2021-03-14', 116, 0.06)
     , (3847238, 520, '2021-03-14', 120, 31.3)
     , (3687982, 1990, '2021-03-14', 147, 27.6)
     , (2873212, 1690, '2021-03-15', 68, 1.79)
     , (3104851, 760, '2021-03-15', 52, 4.6)
     , (2483045, 1560, '2021-03-15', 81, 6.34)
     , (3938699, 1570, '2021-03-15', 85, 15.21)
     , (4254294, 740, '2021-03-15', 119, 27)
     , (3581582, 1680, '2021-03-15', 71, 12.5)
     , (3175501, 840, '2021-03-15', 64, 2.5)
     , (2844556, 510, '2021-03-15', 95, 0.02)
     , (4003066, 1580, '2021-03-15', 59, 9.6)
     , (4213035, 180, '2021-03-15', 91, 21.5)
     , (3468744, 1110, '2021-03-16', 80, 5.64)
     , (3138332, 1610, '2021-03-16', 132, 34.3)
     , (2634458, 250, '2021-03-16', 32, 0.64)
     , (3772958, 1330, '2021-03-16', 99, 19)
     , (3076894, 460, '2021-03-16', 48, 1.01)
     , (4225104, 340, '2021-03-16', 163, 0.05)
     , (3126379, 100, '2021-03-16', 63, 2)
     , (2862316, 1760, '2021-03-16', 145, 3)
     , (2569848, 1690, '2021-03-16', 139, 38.45)
     , (3995101, 640, '2021-03-16', 60, 2)
     , (2038418, 1410, '2021-03-16', 107, 14.4)
     , (2080157, 1670, '2021-03-16', 58, 19.64)
     , (2810127, 360, '2021-03-16', 161, 0.04)
     , (3196527, 1610, '2021-03-16', 47, 2.01)
     , (4176060, 760, '2021-03-17', 104, 21.34)
     , (4444747, 1800, '2021-03-17', 32, 0.64)
     , (3397376, 560, '2021-03-17', 39, 0.96)
     , (4270412, 1300, '2021-03-17', 102, 19)
     , (2787157, 1790, '2021-03-17', 162, 0.06)
     , (4189121, 500, '2021-03-17', 94, 0.01)
     , (3580596, 1930, '2021-03-18', 48, 1.01)
     , (4439513, 590, '2021-03-18', 121, 32.45)
     , (3883998, 1190, '2021-03-18', 157, 0.03)
     , (4567752, 1950, '2021-03-18', 120, 31.3)
     , (3216167, 620, '2021-03-18', 21, 0.84)
     , (4334346, 1670, '2021-03-18', 120, 31.3)
     , (3055825, 1470, '2021-03-18', 140, 2.76)
     , (4275957, 1890, '2021-03-18', 26, 0.84)
     , (2884445, 260, '2021-03-18', 16, 0.44)
     , (2982669, 1700, '2021-03-18', 163, 0.05)
     , (2203223, 310, '2021-03-18', 35, 25.1)
     , (3173357, 1960, '2021-03-18', 105, 21.34)
     , (2854595, 1540, '2021-03-18', 76, 6.12)
     , (3810529, 1110, '2021-03-18', 149, 14.6)
     , (2867534, 1940, '2021-03-19', 59, 9.6)
     , (2419809, 1310, '2021-03-19', 76, 6.12)
     , (2789329, 1490, '2021-03-19', 148, 27.6)
     , (4406609, 1950, '2021-03-19', 162, 0.06)
     , (3431920, 1280, '2021-03-19', 38, 0.94)
     , (4418094, 1240, '2021-03-19', 67, 1.79)
     , (4106211, 650, '2021-03-20', 158, 0.02)
     , (3931074, 1070, '2021-03-20', 122, 32.45)
     , (3439909, 530, '2021-03-20', 29, 0.14)
     , (2761590, 1240, '2021-03-20', 156, 0.04)
     , (3005442, 550, '2021-03-21', 169, 0.9)
     , (3298595, 360, '2021-03-21', 159, 0.02)
     , (2186304, 720, '2021-03-21', 6, 0.5)
     , (4324939, 1110, '2021-03-21', 80, 5.64)
     , (2114343, 240, '2021-03-21', 61, 2)
     , (3261872, 1070, '2021-03-21', 16, 0.44)
     , (4237121, 1290, '2021-03-21', 25, 0.34)
     , (2495124, 630, '2021-03-21', 117, 19.66)
     , (2222212, 1850, '2021-03-21', 9, 0.6)
     , (4425947, 830, '2021-03-21', 129, 27)
     , (4609650, 1790, '2021-03-21', 48, 1.01)
     , (2274339, 960, '2021-03-21', 122, 32.45)
     , (2679153, 890, '2021-03-21', 107, 14.4)
     , (2512884, 220, '2021-03-21', 144, 3.5)
     , (3151938, 1310, '2021-03-22', 138, 39)
     , (3836138, 790, '2021-03-22', 23, 0.48)
     , (2858054, 410, '2021-03-22', 26, 0.84)
     , (2780434, 450, '2021-03-22', 99, 19)
     , (2531543, 880, '2021-03-22', 174, 23.2)
     , (3676156, 260, '2021-03-22', 47, 2.01)
     , (2937892, 310, '2021-03-22', 126, 31.17)
     , (4507229, 1110, '2021-03-22', 174, 23.2)
     , (3729924, 1110, '2021-03-22', 135, 38.1)
     , (4303205, 1830, '2021-03-22', 147, 27.6)
     , (4512871, 1330, '2021-03-22', 81, 6.34)
     , (2761241, 720, '2021-03-22', 32, 0.64)
     , (4144038, 1100, '2021-03-22', 140, 2.76)
     , (2514882, 960, '2021-03-22', 57, 12.48)
     , (2389169, 400, '2021-03-22', 135, 38.1)
     , (4070922, 1730, '2021-03-22', 153, 27.6)
     , (2062747, 1550, '2021-03-23', 178, 24.65)
     , (4369662, 1120, '2021-03-23', 21, 0.84)
     , (2338313, 1420, '2021-03-23', 113, 7.7)
     , (3810372, 1680, '2021-03-23', 85, 15.21)
     , (3693942, 440, '2021-03-23', 83, 14.65)
     , (4101195, 700, '2021-03-23', 51, 4.6)
     , (3063653, 1590, '2021-03-23', 42, 1.2)
     , (2798639, 520, '2021-03-23', 11, 0.34)
     , (3415520, 470, '2021-03-23', 73, 7.01)
     , (3152075, 1370, '2021-03-23', 85, 15.21)
     , (3926674, 900, '2021-03-23', 81, 6.34)
     , (2623954, 940, '2021-03-24', 18, 0.35)
     , (4634422, 270, '2021-03-24', 86, 15.21)
     , (2188914, 320, '2021-03-24', 13, 0.34)
     , (3805357, 1290, '2021-03-24', 58, 19.64)
     , (3666860, 1270, '2021-03-24', 119, 27)
     , (3104781, 1670, '2021-03-24', 25, 0.34)
     , (3186966, 1290, '2021-03-24', 83, 14.65)
     , (4016579, 1380, '2021-03-24', 145, 3)
     , (4469150, 1410, '2021-03-24', 94, 0.01)
     , (3377002, 820, '2021-03-24', 27, 0.48)
     , (2860305, 720, '2021-03-24', 39, 0.96)
     , (2704460, 1550, '2021-03-25', 10, 0.54)
     , (2769196, 200, '2021-03-25', 167, 0.82)
     , (3345289, 890, '2021-03-25', 10, 0.54)
     , (2062098, 130, '2021-03-25', 169, 0.9)
     , (3571207, 1870, '2021-03-25', 127, 34.5)
     , (3335814, 1860, '2021-03-25', 61, 2)
     , (3653858, 590, '2021-03-25', 25, 0.34)
     , (4010505, 670, '2021-03-25', 79, 9.55)
     , (2409376, 1810, '2021-03-25', 73, 7.01)
     , (3974329, 330, '2021-03-25', 132, 34.3)
     , (2111388, 820, '2021-03-26', 42, 1.2)
     , (3051678, 630, '2021-03-26', 178, 24.65)
     , (2860988, 690, '2021-03-26', 108, 7.64)
     , (3997205, 880, '2021-03-26', 114, 0.05)
     , (4333464, 1140, '2021-03-26', 6, 0.5)
     , (3526705, 1830, '2021-03-26', 88, 13.07)
     , (2316049, 650, '2021-03-26', 115, 0.05)
     , (3595782, 1070, '2021-03-26', 153, 27.6)
     , (2388764, 1510, '2021-03-26', 156, 0.04)
     , (2424378, 370, '2021-03-26', 57, 12.48)
     , (3093254, 760, '2021-03-26', 23, 0.48)
     , (4303720, 1250, '2021-03-26', 44, 1.4)
     , (3977627, 820, '2021-03-26', 29, 0.14)
     , (4386911, 980, '2021-03-26', 19, 0.64)
     , (2512233, 440, '2021-03-27', 27, 0.48)
     , (3312558, 470, '2021-03-27', 102, 19)
     , (2571641, 810, '2021-03-27', 35, 25.1)
     , (3678381, 1750, '2021-03-27', 136, 34.3)
     , (3128031, 110, '2021-03-27', 1, 13.64)
     , (4571534, 420, '2021-03-27', 74, 7.56)
     , (2386833, 1190, '2021-03-27', 59, 9.6)
     , (4325862, 140, '2021-03-27', 12, 0.94)
     , (2889217, 1520, '2021-03-27', 15, 0.35)
     , (2471461, 1560, '2021-03-27', 134, 31)
     , (2647136, 1570, '2021-03-28', 117, 19.66)
     , (3729906, 170, '2021-03-28', 163, 0.05)
     , (4625101, 500, '2021-03-28', 142, 2.5)
     , (4327092, 960, '2021-03-28', 19, 0.64)
     , (2376333, 1510, '2021-03-28', 39, 0.96)
     , (2363595, 160, '2021-03-28', 47, 2.01)
     , (3608222, 740, '2021-03-28', 38, 0.94)
     , (3996519, 920, '2021-03-28', 75, 8.64)
     , (2637687, 1850, '2021-03-28', 135, 38.1)
     , (4306062, 1150, '2021-03-29', 7, 0.57)
     , (2192984, 1990, '2021-03-29', 159, 0.02)
     , (3655269, 140, '2021-03-29', 28, 0.64)
     , (3092994, 290, '2021-03-29', 129, 27)
     , (4040235, 1680, '2021-03-29', 124, 29.33)
     , (3828127, 770, '2021-03-30', 102, 19)
     , (2660813, 790, '2021-03-30', 75, 8.64)
     , (3049844, 610, '2021-03-30', 109, 7.64)
     , (3467113, 570, '2021-03-30', 145, 3)
     , (4443095, 220, '2021-03-30', 152, 29.6)
     , (2603574, 700, '2021-03-30', 25, 0.34)
     , (4335588, 870, '2021-03-30', 2, 9.06)
     , (4258855, 390, '2021-03-30', 58, 19.64)
     , (2069016, 810, '2021-03-31', 94, 0.01)
     , (3903547, 1020, '2021-03-31', 122, 32.45)
     , (3388454, 740, '2021-03-31', 26, 0.84)
     , (4175428, 170, '2021-03-31', 18, 0.35)
     , (4368537, 1260, '2021-03-31', 173, 24.65)
     , (2201842, 1430, '2021-03-31', 173, 24.65)
     , (3372173, 690, '2021-03-31', 43, 1.59)
     , (4179484, 1550, '2021-03-31', 129, 27)
     , (4298878, 1870, '2021-03-31', 98, 19)
     , (3591602, 1650, '2021-03-31', 34, 25.9)
     , (2330879, 490, '2021-03-31', 173, 24.65)
     , (2094409, 970, '2021-03-31', 164, 0.06)
     , (4064579, 1950, '2021-03-31', 39, 0.96)
     , (3352506, 1420, '2021-04-01', 4, 14.56)
     , (2995922, 930, '2021-04-01', 104, 21.34)
     , (2639016, 630, '2021-04-01', 166, 0.78)
     , (2444780, 1160, '2021-04-01', 55, 0.09)
     , (2269573, 1870, '2021-04-01', 151, 14.6)
     , (2523897, 930, '2021-04-01', 50, 1.89)
     , (3676103, 1320, '2021-04-01', 42, 1.2)
     , (3856347, 1100, '2021-04-01', 94, 0.01)
     , (2989228, 1340, '2021-04-01', 87, 16.4)
     , (4109467, 980, '2021-04-01', 71, 12.5)
     , (2781525, 1680, '2021-04-02', 28, 0.64)
     , (4153670, 310, '2021-04-02', 145, 3)
     , (2368196, 1420, '2021-04-02', 57, 12.48)
     , (2684836, 620, '2021-04-02', 175, 27.5)
     , (2319917, 1400, '2021-04-02', 56, 0.09)
     , (4194162, 1770, '2021-04-02', 17, 0.54)
     , (2848099, 540, '2021-04-02', 25, 0.34)
     , (2605564, 1900, '2021-04-02', 173, 24.65)
     , (2354729, 1700, '2021-04-02', 11, 0.34)
     , (2458098, 1940, '2021-04-03', 43, 1.59)
     , (3418296, 600, '2021-04-03', 27, 0.48)
     , (2599580, 530, '2021-04-03', 27, 0.48)
     , (3718426, 1960, '2021-04-03', 124, 29.33)
     , (2609158, 820, '2021-04-03', 123, 31)
     , (3261333, 1640, '2021-04-03', 107, 14.4)
     , (2255209, 1690, '2021-04-03', 78, 9.12)
     , (3948048, 1310, '2021-04-03', 153, 27.6)
     , (2007746, 1270, '2021-04-03', 101, 19)
     , (2107441, 1740, '2021-04-04', 16, 0.44)
     , (2382013, 1800, '2021-04-04', 43, 1.59)
     , (2853712, 1420, '2021-04-04', 163, 0.05)
     , (4545736, 1220, '2021-04-04', 13, 0.34)
     , (2686080, 1790, '2021-04-04', 39, 0.96)
     , (3238975, 1320, '2021-04-04', 20, 0.44)
     , (3763376, 1650, '2021-04-04', 145, 3)
     , (3155679, 1040, '2021-04-04', 75, 8.64)
     , (2677637, 140, '2021-04-04', 177, 24.65)
     , (4337396, 1650, '2021-04-04', 8, 0.7)
     , (2933740, 880, '2021-04-05', 174, 23.2)
     , (4022240, 320, '2021-04-05', 44, 1.4)
     , (2850370, 490, '2021-04-05', 69, 1.79)
     , (3035381, 1760, '2021-04-05', 111, 7.7)
     , (4066390, 1800, '2021-04-05', 57, 12.48)
     , (3949708, 1570, '2021-04-05', 91, 21.5)
     , (4131113, 430, '2021-04-05', 40, 1.01)
     , (2500637, 1030, '2021-04-05', 37, 28.26)
     , (2561909, 1130, '2021-04-05', 28, 0.64)
     , (3435887, 1360, '2021-04-05', 1, 13.64)
     , (2411526, 280, '2021-04-05', 62, 2)
     , (4410438, 1210, '2021-04-06', 80, 5.64)
     , (3830156, 700, '2021-04-06', 122, 32.45)
     , (3974689, 690, '2021-04-06', 103, 21.1)
     , (2300910, 730, '2021-04-06', 7, 0.57)
     , (2046354, 980, '2021-04-06', 42, 1.2)
     , (3702680, 1810, '2021-04-06', 120, 31.3)
     , (2665193, 980, '2021-04-06', 139, 38.45)
     , (4597688, 330, '2021-04-06', 38, 0.94)
     , (4188785, 1210, '2021-04-06', 157, 0.03)
     , (2906748, 180, '2021-04-06', 36, 26.56)
     , (2102873, 830, '2021-04-06', 109, 7.64)
     , (2863490, 940, '2021-04-06', 27, 0.48)
     , (3351954, 1370, '2021-04-07', 45, 1.64)
     , (4577783, 1840, '2021-04-07', 16, 0.44)
     , (4399568, 460, '2021-04-07', 72, 13.12)
     , (4089232, 610, '2021-04-07', 31, 0.54)
     , (3630176, 1600, '2021-04-07', 1, 13.64)
     , (2165600, 660, '2021-04-07', 134, 31)
     , (3928520, 610, '2021-04-07', 57, 12.48)
     , (4377484, 620, '2021-04-07', 169, 0.9)
     , (2076208, 920, '2021-04-07', 103, 21.1)
     , (4394194, 270, '2021-04-07', 44, 1.4)
     , (4042752, 1820, '2021-04-08', 52, 4.6)
     , (4117263, 950, '2021-04-08', 159, 0.02)
     , (2704755, 560, '2021-04-08', 14, 0.45)
     , (3277483, 500, '2021-04-08', 117, 19.66)
     , (2401796, 1340, '2021-04-08', 76, 6.12)
     , (3892652, 1070, '2021-04-08', 65, 2.5)
     , (4647970, 860, '2021-04-09', 112, 7.7)
     , (3959124, 930, '2021-04-09', 105, 21.34)
     , (3636407, 510, '2021-04-09', 152, 29.6)
     , (2447841, 1130, '2021-04-09', 34, 25.9)
     , (2686904, 690, '2021-04-09', 30, 0.64)
     , (2464658, 1020, '2021-04-09', 52, 4.6)
     , (3714262, 1120, '2021-04-09', 58, 19.64)
     , (4158503, 1020, '2021-04-09', 172, 0.74)
     , (2320682, 390, '2021-04-09', 80, 5.64)
     , (2392558, 370, '2021-04-09', 84, 14.96)
     , (2344400, 1530, '2021-04-10', 54, 17.8)
     , (3619976, 1060, '2021-04-10', 92, 19.6)
     , (2416481, 1420, '2021-04-10', 178, 24.65)
     , (4011267, 850, '2021-04-10', 74, 7.56)
     , (4441994, 1170, '2021-04-10', 148, 27.6)
     , (2524167, 100, '2021-04-10', 158, 0.02)
     , (2539422, 580, '2021-04-10', 13, 0.34)
     , (4629962, 390, '2021-04-10', 158, 0.02)
     , (3216384, 1060, '2021-04-10', 148, 27.6)
     , (3348228, 1530, '2021-04-10', 86, 15.21)
     , (2442469, 370, '2021-04-10', 10, 0.54)
     , (3942857, 1190, '2021-04-10', 131, 38.63)
     , (4258115, 1700, '2021-04-11', 117, 19.66)
     , (4129165, 900, '2021-04-11', 97, 19)
     , (2208690, 720, '2021-04-11', 96, 0.02)
     , (4085695, 1650, '2021-04-11', 145, 3)
     , (3004674, 1020, '2021-04-11', 1, 13.64)
     , (4093911, 580, '2021-04-11', 62, 2)
     , (2810851, 210, '2021-04-11', 11, 0.34)
     , (2183184, 510, '2021-04-11', 9, 0.6)
     , (3607324, 1020, '2021-04-11', 144, 3.5)
     , (2868183, 640, '2021-04-11', 87, 16.4)
     , (3432209, 1060, '2021-04-11', 149, 14.6)
     , (2889149, 120, '2021-04-11', 136, 34.3)
     , (2214214, 1060, '2021-04-11', 67, 1.79)
     , (4102178, 1370, '2021-04-11', 36, 26.56)
     , (2577136, 1000, '2021-04-12', 155, 0.02)
     , (3577028, 1060, '2021-04-12', 98, 19)
     , (3952941, 1690, '2021-04-12', 114, 0.05)
     , (3498763, 1290, '2021-04-12', 70, 2.13)
     , (2389329, 100, '2021-04-12', 77, 6)
     , (4648059, 840, '2021-04-12', 24, 0.64)
     , (3227458, 920, '2021-04-12', 141, 2.76)
     , (4596004, 1770, '2021-04-12', 170, 0.93)
     , (4193606, 670, '2021-04-13', 124, 29.33)
     , (3093480, 1460, '2021-04-13', 53, 6)
     , (4485705, 440, '2021-04-13', 17, 0.54)
     , (2722134, 190, '2021-04-13', 162, 0.06)
     , (3928391, 1810, '2021-04-13', 79, 9.55)
     , (2332279, 810, '2021-04-13', 162, 0.06)
     , (3190550, 1810, '2021-04-13', 77, 6)
     , (2667792, 1640, '2021-04-13', 149, 14.6)
     , (2827041, 1200, '2021-04-13', 70, 2.13)
     , (2027271, 450, '2021-04-13', 146, 3.48)
     , (2961148, 1600, '2021-04-13', 92, 19.6)
     , (4664461, 1780, '2021-04-13', 77, 6)
     , (3300715, 850, '2021-04-13', 125, 29.5)
     , (4451980, 570, '2021-04-13', 84, 14.96)
     , (2805867, 1050, '2021-04-13', 73, 7.01)
     , (3277913, 320, '2021-04-14', 14, 0.45)
     , (4180407, 1690, '2021-04-14', 72, 13.12)
     , (2414197, 1850, '2021-04-14', 166, 0.78)
     , (2934501, 1680, '2021-04-14', 142, 2.5)
     , (3391497, 620, '2021-04-14', 153, 27.6)
     , (2645371, 1840, '2021-04-14', 31, 0.54)
     , (3060236, 1010, '2021-04-14', 139, 38.45)
     , (3399827, 1720, '2021-04-14', 148, 27.6)
     , (4505017, 880, '2021-04-14', 32, 0.64);
