INSERT INTO manufacture.public.department
    (id, name)
VALUES (1, 'Цех №1'),
       (2, 'Цех №2');

INSERT INTO manufacture.public.employee
    (id, name, surname, patronymic, role, description, login, password)
VALUES ('1', 'Алексей', 'Степанов', 'Андреевич', 2, 'Снабжение', 'alekseyStepanov', '2222'),
       ('2', 'Петр', 'Коваль', 'Илларионович', 2, 'Снабжение', 'petrKoval', '6666'),
       ('3', 'Жанна', 'Василюк', 'Геннадьевна', 1, 'Бухгалтер', 'jannaVasiluk', '1111'),
       ('4', 'Лариса', 'Бортник', 'Антоновна', 3, 'Кладовщик', 'larisaBortnik', '3333'),
       ('5', 'Виктор', 'Береста', 'Андреевич', 4, 'Мастер цеха', 'viktorBeresta', '4444'),
       ('6', 'Вячеслав', 'Строчук', 'Константинович', 3, 'Кладовщик', 'viacheslavStrochuk', '5555'),
       ('7', 'Светлана', 'Гарбар', 'Валерьевна', 4, 'Мастер цеха', 'svetlanaGarbar', '7777');

INSERT INTO manufacture.public.product_type
    (id, name)
VALUES (1, 'поковка'),
       (2, 'литье'),
       (3, 'метизы'),
       (4, 'плазменная резка'),
       (5, 'полуфабрикаты'),
       (6, 'прочее');

INSERT INTO manufacture.public.provider
    (id, name)
VALUES (1, 'ОАО Молот'),
       (2, 'ООО Барановичский кузнечный завод'),
       (3, 'ОАО Могилевский Ударник'),
       (4, 'ОАО Завод тяжелых штамповок'),
       (5, 'ООО Минский автоагрегатный завод'),
       (6, 'ТЧУП Белорусские метизы'),
       (7, 'ИП Самойлов М.М.'),
       (8, 'УЧНПП Техноэра'),
       (9, 'ТЧУП МетизОптТорг'),
       (10, 'ООО ТрэйдСервис'),
       (11, 'ОАО Речицкий СПАЗ');

INSERT INTO manufacture.public.product
    (name, manager_id, provider_id, product_type_id)
VALUES ('БОБЫШКА НКМ 204.017', 1, 1, 1),
       ('БОБЫШКА НКМ 204.018', 1, 1, 1),
       ('БОБЫШКА ДУ 17.00.244', 1, 1, 1),
       ('БОБЫШКА ДУ 17.00.245', 1, 1, 1),
       ('БОБЫШКА ДУ 17.00.246', 1, 1, 1),
       ('БОЛТ М10-6gх16.68.016', 2, 6, 3),
       ('БОЛТ М10-6gх20.45Н.016', 2, 7, 3),
       ('БОЛТ М10-6gх25.45Н.016', 2, 7, 3),
       ('БОЛТ М12-6gх20.45Н.016', 2, 7, 3),
       ('БОЛТ М6-6gх16.45Н.016', 2, 7, 3),
       ('БОЛТ М6-6gх20.45Н.016', 2, 6, 3),
       ('БОЛТ М8-6gх20.58', 2, 6, 3),
       ('БОЛТ М8-6gх25.45Н.016', 2, 6, 3),
       ('БОЛТ М8-6gх25.58', 2, 6, 3),
       ('БОЛТ М8-6gх40.45Н.016', 2, 6, 3),
       ('ВИНТ М10-6gх10.14Н', 2, 6, 3),
       ('ВИНТ М10-6gх12.14Н.016', 2, 7, 3),
       ('ВИНТ М10-6gх16.14Н', 2, 6, 3),
       ('ВИНТ М10-6gх20.14Н.016', 2, 7, 3),
       ('ВИНТ М10-6gх30.14Н.016', 2, 6, 3),
       ('ВИНТ М12-6gх16.12.35.016', 2, 6, 3),
       ('ВИНТ М12-6gх20.12.35.016', 2, 6, 3),
       ('ВИНТ М16-6gх30.14Н.016', 2, 10, 3),
       ('ВИНТ М4-6gх12.45Н.05', 2, 6, 3),
       ('ВИНТ М5-6gх10.58.019', 2, 6, 3),
       ('ВИНТ М6-6gх16.45Н.05', 2, 10, 3),
       ('ВИНТ М8-6gх10.45Н.05', 2, 10, 3),
       ('ВИНТ М8-6gх16.14Н', 2, 10, 3),
       ('ВИНТ М8-6gх20.14Н.016', 2, 6, 3),
       ('ВИНТ М8-6gх25.14Н.016', 2, 10, 3),
       ('ВИНТ М8-6gх30.48', 2, 6, 3),
       ('ВИНТ М8-6gх8.45Н.016', 2, 6, 3),
       ('ВТУЛКА SF-1 4540 (45х50х40)', 1, 10, 3),
       ('ВТУЛКА SF-1 6040 (60х65х40)', 2, 10, 3),
       ('ВТУЛКА SF-1 7040 (70х75х40)', 2, 10, 3),
       ('ВТУЛКА SF-2 5560 (55х60х60)', 1, 10, 3),
       ('ВТУЛКА SF-2 70100 (70х75х100)', 2, 10, 3),
       ('ГАЙКА М12-6Н.6.019', 2, 6, 3),
       ('ГАЙКА М12х1.5', 2, 6, 3),
       ('ГАЙКА М14х1.5', 2, 6, 3),
       ('ГАЙКА М16х1.5', 2, 6, 3),
       ('ГАЙКА М18х2', 2, 6, 3),
       ('ГАЙКА М20х1.5', 2, 7, 3),
       ('ГАЙКА М20х2', 2, 7, 3),
       ('ГАЙКА М24х2-6Н', 2, 7, 3),
       ('ГАЙКА М27х2-6Н', 2, 6, 3),
       ('ГАЙКА М30х2-6Н', 2, 6, 3),
       ('ГАЙКА М8-6Н.05.10Х', 2, 6, 3),
       ('ГАЙКА НИЗКАЯ М20х1.5', 2, 6, 2),
       ('ГАЙКА НИЗКАЯ М27х2-05', 2, 6, 3),
       ('ГОЛОВКА 114703-09450-000', 1, 3, 1),
       ('ГОЛОВКА 114703-09450-020', 1, 3, 1),
       ('ГОЛОВКА 1147-09450', 1, 3, 1),
       ('ГОЛОВКА ОПОРЫ К944-09450-20', 1, 3, 1),
       ('ГРЯЗЕСЪЕМНИК 4412А-35350046', 1, 7, 6),
       ('ГРЯЗЕСЪЕМНИК 4412А-35350047', 1, 7, 6),
       ('ДНИЩЕ 114703-09450-025', 1, 1, 2),
       ('ДНИЩЕ 1147-8603526', 1, 1, 2),
       ('ДНО 820-4625012', 1, 1, 2),
       ('КОЛЬЦО К944-1147445', 1, 8, 6),
       ('КОЛЬЦО К944-1147446', 1, 8, 6),
       ('КОЛЬЦО К944-1147447', 1, 8, 6),
       ('КОЛЬЦО К944-1147448', 1, 8, 6),
       ('КОЛЬЦО К944-8603541', 1, 8, 6),
       ('КОЛЬЦО К944-8603656', 1, 8, 6),
       ('КОЛЬЦО К944-8603658', 1, 8, 6),
       ('КОЛЬЦО СТОПОРНОЕ 14.01-8603659', 1, 9, 5),
       ('КОЛЬЦО СТОПОРНОЕ 14.01-8603659', 2, 9, 5),
       ('КОЛЬЦО СТОПОРНОЕ 14.01-8603661', 1, 9, 5),
       ('КОЛЬЦО СТОПОРНОЕ 14.01-8603661', 2, 9, 5),
       ('КОРПУС ШАРНИРА 101-3405205', 2, 4, 2),
       ('КОРПУС ШАРНИРА 120320-20', 2, 4, 2),
       ('КРОНШТЕЙН 110.20.002', 1, 3, 1),
       ('КРОНШТЕЙН 210.20.002', 1, 3, 1),
       ('КРОНШТЕЙН 456.10.012', 1, 3, 1),
       ('КРОНШТЕЙН 526.02.105', 1, 3, 1),
       ('КРОНШТЕЙН 944-33035-01', 1, 3, 1),
       ('КРОНШТЕЙН К-09А.06.01.102', 1, 3, 2),
       ('КРОНШТЕЙН К-09А.06.01.202', 1, 3, 2),
       ('КРЫШКА 09-24015', 2, 4, 1),
       ('КРЫШКА 09-24016', 2, 4, 1),
       ('КРЫШКА 09-24016-01', 2, 4, 1),
       ('КРЫШКА ЗАДНЯЯ 140.02.001', 2, 2, 2),
       ('КРЫШКА ЗАДНЯЯ 244.00.001', 2, 2, 2),
       ('КРЫШКА ЗАДНЯЯ 450.01.001', 2, 2, 2),
       ('КРЫШКА ЗАДНЯЯ Н944-8505314', 2, 2, 2),
       ('КРЫШКА ЗАДНЯЯ НВ10-9434017', 2, 2, 2),
       ('КРЫШКА ЗАДНЯЯ НВ10-9434018', 2, 2, 2),
       ('КРЫШКА ЗАДНЯЯ НВ20-9434017', 2, 2, 2),
       ('КРЫШКА ЗАДНЯЯ НКМ 40.402', 2, 2, 2),
       ('КРЫШКА ЗАДНЯЯ НКМ 63.410', 2, 2, 2),
       ('КРЫШКА ПЕРЕДНЯЯ Н944-8505316-01', 2, 2, 2),
       ('МАСЛЕНКА 1.1.Ц6', 2, 1, 6),
       ('МАСЛЕНКА 1.2.Ц6', 2, 1, 6),
       ('МАСЛЕНКА 2.2.45.Ц6', 2, 1, 6),
       ('МАСЛЕНКА 2.3.45.Ц6', 2, 1, 6),
       ('НАПРАВЛЯЮЩАЯ ВЕРХНЯЯ НВ7488-100521-010', 1, 1, 5),
       ('НАПРАВЛЯЮЩАЯ ВЕРХНЯЯ НВ7488-100521-011', 1, 1, 5),
       ('НАПРАВЛЯЮЩАЯ ВЕРХНЯЯ НВ7488-100521-012', 1, 1, 5),
       ('НАПРАВЛЯЮЩАЯ ВЕРХНЯЯ НВ7488-100521-013', 1, 1, 5),
       ('НАПРАВЛЯЮЩАЯ ВЕРХНЯЯ НВ7488-100521-014', 1, 1, 5),
       ('НАПРАВЛЯЮЩАЯ ВЕРХНЯЯ НВ7488-100521-015', 1, 1, 5),
       ('ОПОРА 5516-8603593', 1, 1, 1),
       ('ОПОРА 5516-8603594', 1, 1, 1),
       ('ОПОРА К944-8603594', 1, 1, 1),
       ('ПЕРЕХОДНИК К944-8603562-10', 2, 5, 6),
       ('ПЕРЕХОДНИК К944-8603562-20', 2, 5, 6),
       ('ПОЛУКОЛЬЦО НАПРАВЛЯЮЩЕЕ 19НВ-8603', 1, 1, 5),
       ('ПОЛУКОЛЬЦО НАПРАВЛЯЮЩЕЕ 19НВ-8604', 1, 1, 5),
       ('ПОЛУКОЛЬЦО НАПРАВЛЯЮЩЕЕ 19НВ-8605', 1, 1, 5),
       ('ПОЛУКОЛЬЦО НАПРАВЛЯЮЩЕЕ 19НВ-8606', 1, 1, 5),
       ('ПОЛУКОЛЬЦО НАПРАВЛЯЮЩЕЕ 19НВ-8607', 1, 1, 5),
       ('ПОЛУКОЛЬЦО НАПРАВЛЯЮЩЕЕ 19НВ-8608', 1, 1, 5),
       ('ПРОКЛАДКА 10М3', 2, 9, 3),
       ('ПРОКЛАДКА 18М3', 2, 9, 3),
       ('ПРОКЛАДКА 20М3', 2, 9, 3),
       ('ПРОУШИНА 110.01.003', 1, 11, 4),
       ('ПРОУШИНА 240.12.001', 1, 11, 4),
       ('ПРОУШИНА 336.01.007', 1, 11, 4),
       ('ПРОУШИНА 388.12.002', 1, 11, 4),
       ('ПРОУШИНА 388.12.003', 1, 11, 4),
       ('ПРОУШИНА 388.17.001', 1, 5, 4),
       ('ПРОУШИНА 388.17.002', 1, 5, 4),
       ('ПРОУШИНА 500.11.012', 1, 5, 4),
       ('ПРОУШИНА 500.11.013', 1, 5, 4),
       ('ПРОУШИНА 555.10.001', 1, 5, 4),
       ('ПРОУШИНА 559.03.012', 1, 5, 4),
       ('ПРОУШИНА SS30N', 1, 10, 5),
       ('ПРОУШИНА SS30T', 1, 10, 5),
       ('ПРОУШИНА НКМ 905.025', 1, 11, 4),
       ('ПРОУШИНА НКМ 905.039', 1, 11, 4),
       ('ПРОУШИНА НКМ 905.056', 1, 11, 4),
       ('ПРОУШИНА НКМ 905.057', 1, 11, 4),
       ('ПРОУШИНА НКМ 905.059-01', 1, 11, 4),
       ('ПРОУШИНА НКМ 905.065-01', 1, 11, 4),
       ('ПРОУШИНА НКМ 905.075', 1, 11, 4),
       ('ПРОУШИНА НКМ 905.093-04', 1, 11, 4),
       ('ПРОУШИНА НКМ 905.093-05', 1, 11, 4),
       ('ПРОУШИНА НКМ 905.126', 1, 11, 4),
       ('ПРУЖИНА 500Н-17.01.234', 2, 9, 3),
       ('ПРУЖИНА 500Н-17.17.234', 2, 9, 3),
       ('ПРУЖИНА 500Н-17.17.235', 2, 9, 3),
       ('ПРУЖИНА 597.00.005', 2, 9, 3),
       ('ПРУЖИНА 597.02.004', 2, 9, 3),
       ('ПРУЖИНА 848.03.003', 2, 9, 3),
       ('ПРУЖИНА К944-8603593', 2, 9, 3),
       ('СУХАРЬ 944-4003015', 1, 5, 5),
       ('СУХАРЬ 944-4003016', 1, 5, 5),
       ('УГОЛЬНИК 105807.1', 1, 8, 3),
       ('УГОЛЬНИК 105808.1', 1, 8, 3),
       ('УГОЛЬНИК 105809.1', 1, 8, 3),
       ('ЦАПФА 3312-0733.205', 1, 2, 1),
       ('ЦАПФА 3312-0733.206', 1, 2, 1),
       ('ЦАПФА 3312-0733.206-01', 1, 2, 1),
       ('ШАЙБА 12Н', 2, 6, 3),
       ('ШАЙБА 12ОТ', 2, 6, 3),
       ('ШАЙБА 20Н', 2, 6, 3),
       ('ШАЙБА 6Т', 2, 6, 3),
       ('ШАЙБА 8ОТ', 2, 6, 3),
       ('ШАЙБА 8Т', 2, 6, 3),
       ('ШПИЛЬКА М10-6gх20.66', 2, 10, 3),
       ('ШПИЛЬКА М20-6gх30.66', 2, 10, 3),
       ('ШПЛИНТ 4х40.019', 2, 6, 3),
       ('ШПЛИНТ 6.3х100.016', 2, 6, 3),
       ('ШПЛИНТ 6.3х63.016', 2, 7, 3),
       ('ШТИФТ 10х16', 2, 6, 3),
       ('ШТИФТ 10х20', 2, 6, 3),
       ('ШТИФТ 10х45', 2, 6, 3),
       ('ШТИФТ 10х50', 2, 6, 3),
       ('ШТИФТ 10х65', 2, 6, 3),
       ('ШТИФТ 12х60', 2, 6, 3),
       ('ШТИФТ 8х16', 2, 6, 3),
       ('ШТОК К100х180.01', 1, 4, 1),
       ('ШТОК К80х180.01', 1, 4, 1),
       ('ШТОК Н1535-003441', 1, 4, 1),
       ('ШТОК Н1535-003441-01', 1, 4, 1),
       ('ШТОК ТУ-2.15.001', 1, 4, 1),
       ('ШТОК ТУ-2.15.101', 1, 4, 1);

INSERT INTO manufacture.public.arrival
    (doc, count, date, product_id, price, user_id)
VALUES ('2201129', 150, '2021-01-07', 363, 0.34, 3)
     , ('2280657', 890, '2021-01-07', 453, 34.5, 7)
     , ('3295482', 930, '2021-01-07', 505, 2, 3)
     , ('3378657', 1090, '2021-01-07', 359, 0.03, 3)
     , ('2451784', 180, '2021-01-07', 502, 1.01, 3)
     , ('2399979', 1260, '2021-01-07', 378, 12.48, 3)
     , ('3915199', 610, '2021-01-07', 400, 31, 3)
     , ('4210895', 380, '2021-01-07', 455, 24.65, 7)
     , ('2968698', 1550, '2021-01-07', 435, 0.35, 7)
     , ('4346545', 1930, '2021-01-07', 426, 38.63, 7)
     , ('4311096', 410, '2021-01-07', 419, 14.65, 7)
     , ('4011795', 1000, '2021-01-07', 384, 6.34, 3)
     , ('2783125', 390, '2021-01-07', 410, 0.03, 7)
     , ('4635287', 1610, '2021-01-08', 527, 1.59, 7)
     , ('4283180', 750, '2021-01-08', 497, 0.64, 7)
     , ('2843062', 240, '2021-01-08', 504, 0.64, 7)
     , ('2185987', 220, '2021-01-08', 492, 7.64, 7)
     , ('2145064', 980, '2021-01-08', 510, 9.55, 7)
     , ('3114769', 200, '2021-01-08', 384, 21.5, 7)
     , ('2704870', 1100, '2021-01-08', 408, 21.34, 3)
     , ('3896390', 1920, '2021-01-08', 383, 0.05, 3)
     , ('2881598', 230, '2021-01-08', 468, 4.6, 7)
     , ('2034865', 480, '2021-01-08', 441, 3.48, 3)
     , ('4101035', 960, '2021-01-08', 368, 32.45, 3)
     , ('2933566', 1070, '2021-01-08', 529, 1.64, 3)
     , ('4569161', 1940, '2021-01-08', 516, 14.56, 7)
     , ('3729613', 380, '2021-01-08', 441, 2.5, 3)
     , ('3891533', 630, '2021-01-09', 532, 27.45, 3)
     , ('3638562', 580, '2021-01-09', 376, 17.8, 3)
     , ('2135860', 570, '2021-01-09', 511, 0.48, 3)
     , ('2833918', 920, '2021-01-09', 526, 0.7, 3)
     , ('4580733', 1280, '2021-01-09', 417, 0.14, 7)
     , ('3088934', 200, '2021-01-09', 509, 7.56, 7)
     , ('4257719', 540, '2021-01-09', 459, 19, 7)
     , ('3564305', 1670, '2021-01-09', 481, 0.04, 7)
     , ('2356922', 130, '2021-01-09', 459, 0.02, 3)
     , ('4597633', 1060, '2021-01-09', 431, 14.4, 7)
     , ('2980557', 490, '2021-01-09', 465, 1.79, 7)
     , ('2289805', 630, '2021-01-09', 496, 1.01, 7)
     , ('4083530', 1610, '2021-01-09', 476, 1.12, 7)
     , ('3796177', 360, '2021-01-09', 449, 38.45, 7)
     , ('4292437', 120, '2021-01-09', 445, 2, 7)
     , ('4228597', 690, '2021-01-09', 475, 1.4, 7)
     , ('3580895', 970, '2021-01-09', 441, 24.65, 3)
     , ('2251987', 1980, '2021-01-10', 423, 32.45, 3)
     , ('2570602', 280, '2021-01-10', 436, 4.6, 7)
     , ('3187522', 430, '2021-01-10', 462, 0.14, 3)
     , ('3861702', 120, '2021-01-10', 478, 6.34, 3)
     , ('2419268', 670, '2021-01-10', 401, 0.5, 7)
     , ('2519882', 730, '2021-01-10', 470, 0.84, 7)
     , ('4634845', 1970, '2021-01-10', 427, 27.6, 7)
     , ('3854083', 1940, '2021-01-10', 488, 0.06, 3)
     , ('2396486', 680, '2021-01-10', 359, 0.03, 3)
     , ('3600073', 180, '2021-01-10', 469, 0.01, 7)
     , ('2848815', 1730, '2021-01-10', 366, 25.9, 3)
     , ('3787625', 130, '2021-01-11', 470, 0.02, 7)
     , ('3402414', 160, '2021-01-11', 457, 13.07, 3)
     , ('2465230', 1860, '2021-01-11', 438, 2.01, 7)
     , ('4371112', 170, '2021-01-11', 475, 2.76, 7)
     , ('2333692', 780, '2021-01-11', 441, 3.5, 3)
     , ('2854536', 440, '2021-01-11', 520, 19, 3)
     , ('4460413', 1600, '2021-01-11', 437, 2.01, 3)
     , ('2727918', 1310, '2021-01-11', 508, 29.6, 3)
     , ('3945544', 730, '2021-01-11', 417, 39, 3)
     , ('4199770', 790, '2021-01-11', 394, 7.7, 3)
     , ('3942738', 780, '2021-01-11', 442, 14.69, 3)
     , ('3514437', 1430, '2021-01-11', 376, 0.54, 3)
     , ('2028040', 1430, '2021-01-12', 383, 1.2, 3)
     , ('2197183', 680, '2021-01-12', 408, 0.48, 3)
     , ('4171831', 780, '2021-01-12', 467, 0.04, 3)
     , ('3348734', 1880, '2021-01-12', 507, 31, 3)
     , ('2123773', 1070, '2021-01-12', 526, 3.5, 3)
     , ('3190413', 1440, '2021-01-12', 408, 3.48, 3)
     , ('2321624', 320, '2021-01-12', 366, 0.02, 3)
     , ('4057613', 1560, '2021-01-13', 474, 7.7, 7)
     , ('3158248', 130, '2021-01-13', 465, 0.78, 7)
     , ('3078900', 1790, '2021-01-13', 410, 6.12, 7)
     , ('3989610', 1650, '2021-01-13', 498, 7.64, 7)
     , ('3624749', 230, '2021-01-13', 431, 0.09, 3)
     , ('4016910', 360, '2021-01-13', 433, 13.09, 7)
     , ('2696690', 290, '2021-01-13', 362, 21.34, 3)
     , ('4235436', 930, '2021-01-13', 366, 31, 7)
     , ('3219064', 770, '2021-01-13', 514, 29.33, 3)
     , ('4507854', 1520, '2021-01-13', 440, 6.34, 3)
     , ('4495026', 1250, '2021-01-13', 532, 27.6, 7)
     , ('3504976', 410, '2021-01-13', 409, 0.05, 7)
     , ('4651905', 830, '2021-01-14', 393, 19, 7)
     , ('3277349', 1660, '2021-01-14', 513, 14.6, 3)
     , ('2169335', 820, '2021-01-14', 533, 0.09, 3)
     , ('2682887', 1580, '2021-01-14', 381, 27.45, 7)
     , ('2912850', 310, '2021-01-14', 437, 7.7, 3)
     , ('3135039', 1890, '2021-01-14', 391, 0.34, 7)
     , ('2892413', 1680, '2021-01-15', 534, 0.54, 3)
     , ('3586395', 610, '2021-01-15', 364, 28.3, 7)
     , ('4597761', 1340, '2021-01-15', 368, 0.04, 7)
     , ('2905298', 1320, '2021-01-15', 521, 0.64, 3)
     , ('2676025', 1940, '2021-01-15', 476, 19.6, 3)
     , ('3361538', 1580, '2021-01-15', 441, 19, 3)
     , ('2235932', 1360, '2021-01-15', 497, 0.06, 3)
     , ('4428919', 560, '2021-01-15', 398, 2.5, 3)
     , ('3808264', 120, '2021-01-15', 487, 0.06, 3)
     , ('4419858', 260, '2021-01-15', 435, 1.2, 3)
     , ('4351011', 1220, '2021-01-15', 443, 40, 3)
     , ('3767350', 1210, '2021-01-16', 404, 7.64, 3)
     , ('3779446', 690, '2021-01-16', 425, 16.4, 3)
     , ('3516373', 1400, '2021-01-16', 360, 36.3, 3)
     , ('2805247', 590, '2021-01-16', 393, 9.55, 3)
     , ('3169821', 1190, '2021-01-16', 379, 34.3, 3)
     , ('2715739', 290, '2021-01-16', 530, 9.06, 3)
     , ('4029517', 380, '2021-01-16', 507, 21.1, 3)
     , ('4409539', 990, '2021-01-16', 446, 0.64, 7)
     , ('4398157', 680, '2021-01-16', 377, 6.34, 7)
     , ('2176502', 550, '2021-01-16', 450, 1.2, 7)
     , ('3261515', 1410, '2021-01-16', 529, 7.7, 7)
     , ('2680380', 1550, '2021-01-16', 388, 29.5, 3)
     , ('3891615', 180, '2021-01-16', 427, 31.3, 7)
     , ('2540978', 380, '2021-01-16', 497, 9.6, 3)
     , ('2431274', 1850, '2021-01-16', 534, 6, 7)
     , ('2734067', 1110, '2021-01-17', 380, 27.5, 7)
     , ('4206665', 930, '2021-01-17', 459, 0.05, 3)
     , ('2137909', 1280, '2021-01-17', 527, 1.64, 7)
     , ('3512453', 1300, '2021-01-17', 510, 0.44, 3)
     , ('2725617', 1540, '2021-01-17', 375, 6, 7)
     , ('3476062', 1460, '2021-01-17', 507, 7.7, 3)
     , ('3551399', 460, '2021-01-17', 406, 7.64, 3)
     , ('3479961', 1670, '2021-01-17', 432, 19, 7)
     , ('2576124', 1340, '2021-01-17', 505, 12.48, 7)
     , ('3050047', 1780, '2021-01-17', 517, 3.48, 7)
     , ('2087162', 1390, '2021-01-17', 476, 29.5, 3)
     , ('3313996', 1770, '2021-01-17', 497, 14.6, 3)
     , ('4260010', 690, '2021-01-17', 386, 0.64, 7)
     , ('3768148', 1500, '2021-01-17', 469, 0.6, 3)
     , ('2491080', 1240, '2021-01-18', 359, 2.5, 7)
     , ('3453702', 430, '2021-01-18', 362, 32.45, 3)
     , ('4627966', 1750, '2021-01-18', 409, 34.3, 7)
     , ('4498935', 720, '2021-01-18', 384, 4.6, 7)
     , ('4384803', 130, '2021-01-18', 502, 27.6, 3)
     , ('3313758', 270, '2021-01-18', 439, 13.64, 3)
     , ('2822115', 1550, '2021-01-18', 424, 25.1, 3)
     , ('3403456', 360, '2021-01-18', 376, 0.64, 3)
     , ('4340494', 1570, '2021-01-18', 445, 2.5, 3)
     , ('4243578', 1040, '2021-01-18', 469, 0.05, 7)
     , ('4182466', 1040, '2021-01-19', 472, 29.5, 7)
     , ('3525865', 2000, '2021-01-19', 478, 7.56, 7)
     , ('2164640', 460, '2021-01-19', 453, 0.44, 3)
     , ('4071500', 410, '2021-01-19', 516, 29.5, 3)
     , ('3905292', 1550, '2021-01-19', 409, 0.02, 3)
     , ('2255326', 1820, '2021-01-19', 390, 7.7, 3)
     , ('3672728', 480, '2021-01-19', 447, 6, 3)
     , ('4282490', 1600, '2021-01-19', 429, 34.5, 3)
     , ('4024382', 500, '2021-01-19', 472, 23.2, 3)
     , ('4165072', 900, '2021-01-19', 406, 29.6, 3)
     , ('2015787', 1900, '2021-01-19', 357, 19, 3)
     , ('4301740', 1660, '2021-01-19', 438, 19, 3)
     , ('3043419', 250, '2021-01-19', 396, 0.93, 7)
     , ('2738264', 1430, '2021-01-19', 454, 0.06, 3)
     , ('3035357', 1050, '2021-01-19', 529, 14.56, 3)
     , ('3940569', 1850, '2021-01-19', 390, 2, 3)
     , ('2952203', 1430, '2021-01-19', 451, 13.09, 3)
     , ('4600621', 1140, '2021-01-19', 399, 2.5, 3)
     , ('4503594', 1920, '2021-01-19', 405, 0.05, 3)
     , ('2863436', 300, '2021-01-20', 460, 25.9, 3)
     , ('3595310', 780, '2021-01-20', 445, 7.01, 3)
     , ('3790370', 1770, '2021-01-20', 515, 16.4, 3)
     , ('4085632', 990, '2021-01-20', 444, 0.64, 3)
     , ('2585001', 1250, '2021-01-20', 486, 3.5, 3)
     , ('3839018', 1090, '2021-01-20', 437, 4.6, 3)
     , ('4524343', 850, '2021-01-20', 417, 1.01, 3)
     , ('3210587', 480, '2021-01-20', 496, 2, 3)
     , ('4649273', 600, '2021-01-20', 358, 21.5, 7)
     , ('4656041', 1500, '2021-01-21', 358, 7.7, 7)
     , ('3383867', 350, '2021-01-21', 403, 34.3, 3)
     , ('3495250', 1150, '2021-01-21', 397, 13.12, 7)
     , ('2743852', 350, '2021-01-21', 495, 6.34, 7)
     , ('4398596', 610, '2021-01-21', 486, 9.55, 7)
     , ('4285607', 490, '2021-01-21', 455, 31.17, 7)
     , ('2428709', 1170, '2021-01-21', 455, 14.69, 7)
     , ('4004750', 1380, '2021-01-21', 409, 2.13, 3)
     , ('3592731', 1330, '2021-01-21', 380, 14.65, 7)
     , ('3031117', 340, '2021-01-21', 366, 0.64, 3)
     , ('3454089', 1620, '2021-01-21', 449, 19.6, 7)
     , ('4004883', 1310, '2021-01-21', 395, 0.03, 3)
     , ('2908815', 840, '2021-01-21', 442, 0.94, 7)
     , ('2352751', 730, '2021-01-21', 418, 27, 3)
     , ('4268496', 1390, '2021-01-21', 403, 29.5, 7)
     , ('3338925', 1520, '2021-01-22', 400, 19, 3)
     , ('3203623', 1410, '2021-01-22', 506, 13.64, 3)
     , ('3474468', 1030, '2021-01-22', 359, 0.5, 7)
     , ('4599134', 1210, '2021-01-22', 439, 0.09, 3)
     , ('4584673', 1830, '2021-01-22', 367, 3.5, 7)
     , ('2799264', 1220, '2021-01-22', 445, 0.85, 7)
     , ('3343505', 560, '2021-01-22', 507, 0.02, 7)
     , ('3988720', 1080, '2021-01-22', 369, 38.63, 7)
     , ('2538537', 1570, '2021-01-23', 500, 2, 7)
     , ('3088774', 1270, '2021-01-23', 423, 0.64, 7)
     , ('3424652', 1510, '2021-01-23', 484, 40, 3)
     , ('2916254', 1260, '2021-01-23', 357, 27.32, 7)
     , ('2317350', 1650, '2021-01-23', 475, 14.65, 3)
     , ('3045145', 570, '2021-01-23', 431, 40, 7)
     , ('2280730', 1040, '2021-01-23', 374, 34.3, 7)
     , ('4252085', 1990, '2021-01-23', 458, 19.6, 3)
     , ('4389444', 1220, '2021-01-23', 451, 19.6, 7)
     , ('2293777', 1110, '2021-01-24', 515, 15.21, 3)
     , ('4402018', 170, '2021-01-24', 478, 19.6, 7)
     , ('3201148', 1330, '2021-01-24', 391, 16.4, 3)
     , ('2529697', 1880, '2021-01-24', 373, 32.45, 3)
     , ('3979709', 1660, '2021-01-24', 445, 14.6, 7)
     , ('2389295', 1440, '2021-01-24', 399, 19, 7)
     , ('4020394', 1060, '2021-01-24', 453, 0.02, 7)
     , ('2992093', 210, '2021-01-24', 467, 21.5, 3)
     , ('2348884', 1740, '2021-01-24', 391, 27, 3)
     , ('2044459', 1280, '2021-01-24', 470, 0.9, 7)
     , ('2451326', 1690, '2021-01-24', 489, 0.02, 3)
     , ('2896942', 550, '2021-01-24', 439, 15.21, 7)
     , ('3881121', 1550, '2021-01-24', 422, 0.6, 3)
     , ('4009768', 1570, '2021-01-25', 468, 0.44, 7)
     , ('3942589', 1550, '2021-01-25', 423, 2, 7)
     , ('2646373', 370, '2021-01-25', 406, 1.79, 3)
     , ('3107245', 350, '2021-01-25', 499, 32.45, 3)
     , ('2441946', 1890, '2021-01-25', 422, 2.5, 3)
     , ('2641667', 1710, '2021-01-25', 421, 0.54, 3)
     , ('3710540', 1970, '2021-01-25', 433, 1.01, 3)
     , ('2352731', 740, '2021-01-25', 460, 0.09, 7)
     , ('2908998', 660, '2021-01-25', 474, 34.3, 7)
     , ('4316712', 590, '2021-01-25', 507, 0.02, 7)
     , ('3718580', 620, '2021-01-25', 407, 27.6, 3)
     , ('3874367', 940, '2021-01-25', 392, 0.01, 3)
     , ('2295207', 1700, '2021-01-25', 374, 4.6, 3)
     , ('4595204', 160, '2021-01-25', 505, 19, 3)
     , ('3032278', 1530, '2021-01-25', 378, 1.79, 3)
     , ('3132305', 180, '2021-01-25', 434, 2, 3)
     , ('2456914', 1210, '2021-01-25', 478, 3.5, 3)
     , ('2970238', 880, '2021-01-25', 518, 0.84, 3)
     , ('2001462', 1710, '2021-01-25', 413, 9.06, 3)
     , ('3878647', 1350, '2021-01-25', 385, 0.34, 3)
     , ('2592382', 390, '2021-01-25', 451, 0.02, 7)
     , ('2699557', 1360, '2021-01-26', 414, 27.32, 3)
     , ('4432241', 300, '2021-01-26', 416, 0.03, 3)
     , ('4125893', 930, '2021-01-26', 440, 14.4, 3)
     , ('2075273', 1270, '2021-01-26', 517, 5.64, 3)
     , ('2390358', 1740, '2021-01-26', 463, 6, 3)
     , ('3249060', 690, '2021-01-26', 423, 13.12, 3)
     , ('3007077', 1640, '2021-01-27', 507, 38.1, 3)
     , ('4579792', 990, '2021-01-27', 373, 27.6, 3)
     , ('3055394', 1940, '2021-01-27', 380, 0.06, 3)
     , ('3802041', 1760, '2021-01-27', 367, 0.02, 3)
     , ('2882400', 1280, '2021-01-27', 495, 0.84, 3)
     , ('3708194', 1000, '2021-01-27', 390, 0.06, 3)
     , ('3983715', 1580, '2021-01-27', 440, 2, 3)
     , ('3890183', 670, '2021-01-27', 388, 24.16, 3)
     , ('4135161', 220, '2021-01-28', 514, 1.01, 7)
     , ('2424232', 1470, '2021-01-28', 498, 6.34, 7)
     , ('2168358', 1340, '2021-01-28', 517, 14.6, 3)
     , ('3366254', 720, '2021-01-28', 399, 7.64, 7)
     , ('3658343', 310, '2021-01-28', 497, 9.6, 7)
     , ('2038594', 1670, '2021-01-28', 490, 36.3, 7)
     , ('2173337', 320, '2021-01-28', 501, 0.06, 7)
     , ('3652798', 110, '2021-01-29', 426, 27.6, 7)
     , ('2649233', 120, '2021-01-29', 504, 19, 3)
     , ('3353536', 1980, '2021-01-29', 360, 17.8, 7)
     , ('4027589', 1570, '2021-01-29', 468, 1.46, 3)
     , ('4194750', 1550, '2021-01-29', 516, 15.21, 7)
     , ('3631560', 1100, '2021-01-29', 443, 0.94, 3)
     , ('3578965', 340, '2021-01-29', 522, 0.35, 7)
     , ('3786012', 1950, '2021-01-29', 475, 0.54, 3)
     , ('3940654', 1770, '2021-01-29', 475, 34.5, 7)
     , ('4577680', 1270, '2021-01-29', 410, 13.09, 3)
     , ('3367011', 880, '2021-01-29', 430, 9.12, 3)
     , ('2335999', 920, '2021-01-30', 513, 19, 7)
     , ('2302002', 380, '2021-01-30', 439, 0.84, 3)
     , ('4526752', 1060, '2021-01-30', 521, 5.64, 7)
     , ('3766977', 520, '2021-01-30', 524, 0.84, 7)
     , ('4399787', 1150, '2021-01-30', 380, 1.89, 7)
     , ('3973478', 1570, '2021-01-30', 524, 0.06, 3)
     , ('2952571', 1510, '2021-01-30', 462, 6.34, 3)
     , ('3526419', 210, '2021-01-31', 526, 19.6, 7)
     , ('3784506', 430, '2021-01-31', 531, 24.65, 3)
     , ('4388548', 360, '2021-01-31', 419, 12.5, 7)
     , ('3627153', 650, '2021-01-31', 467, 0.01, 3)
     , ('3047832', 1260, '2021-01-31', 487, 2.01, 7)
     , ('2044463', 880, '2021-01-31', 449, 0.64, 7)
     , ('2798130', 220, '2021-01-31', 484, 2.13, 3)
     , ('2812209', 1090, '2021-01-31', 395, 0.04, 3)
     , ('3873555', 1500, '2021-01-31', 384, 0.02, 3)
     , ('3935248', 1180, '2021-01-31', 510, 29.6, 3)
     , ('2375010', 1820, '2021-01-31', 361, 27.5, 3)
     , ('4288388', 360, '2021-01-31', 403, 31.17, 3)
     , ('4356317', 1900, '2021-01-31', 379, 0.93, 3)
     , ('3882740', 640, '2021-02-01', 414, 6, 3)
     , ('2485992', 460, '2021-02-01', 382, 21.34, 3)
     , ('4316820', 270, '2021-02-01', 496, 31.17, 3)
     , ('2463865', 2000, '2021-02-01', 357, 1.87, 3)
     , ('4021299', 1430, '2021-02-01', 478, 19, 3)
     , ('3261132', 1240, '2021-02-01', 451, 32.45, 3)
     , ('2419446', 760, '2021-02-01', 493, 21.5, 3)
     , ('3189991', 920, '2021-02-01', 494, 1.79, 3)
     , ('3965927', 120, '2021-02-01', 406, 3.48, 7)
     , ('2710848', 170, '2021-02-01', 461, 1.79, 7)
     , ('3708850', 1040, '2021-02-01', 530, 29.5, 7)
     , ('4470226', 750, '2021-02-01', 373, 24.65, 7)
     , ('3034849', 1790, '2021-02-02', 402, 2.76, 3)
     , ('2316281', 110, '2021-02-02', 497, 25.1, 7)
     , ('2167547', 1250, '2021-02-02', 388, 1.59, 3)
     , ('3610459', 1510, '2021-02-02', 402, 39, 7)
     , ('2420456', 1910, '2021-02-02', 358, 2.5, 7)
     , ('4051612', 1520, '2021-02-02', 453, 21.5, 3)
     , ('3565087', 200, '2021-02-02', 442, 2.76, 7)
     , ('2651326', 200, '2021-02-02', 367, 0.01, 3)
     , ('2803421', 1240, '2021-02-02', 424, 13.07, 7)
     , ('3380283', 280, '2021-02-02', 421, 34.3, 3)
     , ('2109395', 1430, '2021-02-02', 365, 13.64, 3)
     , ('2620127', 1100, '2021-02-02', 490, 0.44, 7)
     , ('2708176', 1910, '2021-02-02', 533, 3.5, 7)
     , ('3688090', 1640, '2021-02-02', 385, 0.86, 7)
     , ('2035110', 1590, '2021-02-03', 466, 13.07, 3)
     , ('3370397', 110, '2021-02-03', 442, 0.02, 3)
     , ('3223741', 1770, '2021-02-03', 370, 2.76, 7)
     , ('2523373', 1500, '2021-02-03', 459, 0.06, 3)
     , ('3921259', 750, '2021-02-03', 406, 9.6, 7)
     , ('3490868', 200, '2021-02-03', 450, 27.6, 3)
     , ('2486590', 410, '2021-02-03', 469, 0.9, 7)
     , ('4638061', 1430, '2021-02-03', 448, 0.84, 7)
     , ('3712257', 370, '2021-02-03', 420, 7.64, 3)
     , ('2432439', 1930, '2021-02-03', 507, 14.4, 3)
     , ('2123922', 1670, '2021-02-03', 390, 38.45, 3)
     , ('4437075', 1210, '2021-02-04', 508, 3.48, 3)
     , ('4005753', 1910, '2021-02-04', 518, 0.64, 3)
     , ('2954932', 330, '2021-02-04', 481, 0.64, 7)
     , ('2681384', 120, '2021-02-04', 517, 5.64, 7)
     , ('2751955', 560, '2021-02-04', 360, 1.12, 7)
     , ('2833758', 1900, '2021-02-04', 418, 21.34, 3)
     , ('4104779', 220, '2021-02-04', 359, 5.64, 3)
     , ('2714725', 1710, '2021-02-04', 417, 0.06, 3)
     , ('4023824', 450, '2021-02-04', 506, 2.5, 3)
     , ('4170270', 1170, '2021-02-04', 481, 0.04, 3)
     , ('2622751', 1380, '2021-02-04', 479, 1.87, 3)
     , ('2162743', 460, '2021-02-05', 511, 0.05, 3)
     , ('2577176', 650, '2021-02-05', 483, 14.6, 3)
     , ('3873408', 1770, '2021-02-05', 400, 6, 3)
     , ('4482054', 1790, '2021-02-05', 467, 34.5, 3)
     , ('3671784', 500, '2021-02-05', 520, 7.64, 7)
     , ('2097917', 1020, '2021-02-05', 426, 0.85, 3)
     , ('3014764', 1890, '2021-02-06', 444, 27, 3)
     , ('2852996', 970, '2021-02-06', 476, 34.3, 3)
     , ('2225614', 1470, '2021-02-06', 511, 3.5, 3)
     , ('4373046', 460, '2021-02-06', 408, 0.54, 3)
     , ('2650091', 880, '2021-02-06', 422, 38.63, 3)
     , ('2501309', 250, '2021-02-06', 482, 0.34, 3)
     , ('3166546', 320, '2021-02-06', 376, 38.63, 3)
     , ('3168933', 720, '2021-02-07', 526, 0.02, 3)
     , ('3570943', 450, '2021-02-07', 386, 12.48, 3)
     , ('3797242', 1840, '2021-02-07', 486, 27, 3)
     , ('3199232', 410, '2021-02-07', 530, 0.96, 3)
     , ('4255488', 1850, '2021-02-07', 401, 27.6, 3)
     , ('3114227', 110, '2021-02-07', 398, 27.6, 3)
     , ('3893053', 1700, '2021-02-07', 456, 0.94, 7)
     , ('4152067', 330, '2021-02-07', 415, 19, 7)
     , ('4260789', 110, '2021-02-08', 466, 23.2, 3)
     , ('2714047', 930, '2021-02-08', 373, 27.6, 7)
     , ('3364995', 1580, '2021-02-08', 460, 27.5, 7)
     , ('3416502', 800, '2021-02-08', 522, 19, 7)
     , ('3073915', 1290, '2021-02-08', 419, 19, 7)
     , ('3702262', 190, '2021-02-08', 451, 27.45, 7)
     , ('3970575', 770, '2021-02-08', 501, 0.54, 3)
     , ('2771612', 200, '2021-02-08', 487, 7.64, 7)
     , ('2692945', 1890, '2021-02-08', 361, 0.64, 3)
     , ('4031359', 1950, '2021-02-08', 401, 0.48, 7)
     , ('3444227', 1750, '2021-02-08', 388, 6, 3)
     , ('3852322', 590, '2021-02-09', 530, 14.5, 7)
     , ('3493934', 760, '2021-02-09', 517, 0.09, 3)
     , ('3554148', 820, '2021-02-09', 485, 0.6, 7)
     , ('2560217', 1460, '2021-02-09', 381, 5.64, 3)
     , ('4534885', 700, '2021-02-09', 459, 2.76, 3)
     , ('4355948', 1930, '2021-02-09', 497, 2.5, 7)
     , ('3639118', 1220, '2021-02-09', 519, 14.6, 3)
     , ('4240680', 390, '2021-02-09', 499, 0.82, 7)
     , ('2735849', 770, '2021-02-09', 522, 19, 7)
     , ('4309082', 470, '2021-02-09', 472, 1.01, 7)
     , ('3270248', 150, '2021-02-09', 405, 17.8, 7)
     , ('4531919', 690, '2021-02-10', 514, 27, 7)
     , ('4214912', 260, '2021-02-10', 465, 13.64, 7)
     , ('4433475', 1010, '2021-02-10', 429, 0.64, 3)
     , ('3358662', 850, '2021-02-10', 502, 7.7, 7)
     , ('2627854', 1090, '2021-02-10', 449, 12.48, 3)
     , ('4524440', 630, '2021-02-10', 411, 14.65, 7)
     , ('2384050', 1860, '2021-02-10', 470, 34.3, 7)
     , ('3293417', 230, '2021-02-10', 394, 2.5, 3)
     , ('3938592', 1020, '2021-02-10', 438, 19, 7)
     , ('2631957', 1330, '2021-02-11', 449, 0.64, 3)
     , ('4466434', 150, '2021-02-11', 511, 0.96, 7)
     , ('3161316', 1150, '2021-02-11', 477, 7.7, 3)
     , ('3491108', 1030, '2021-02-11', 488, 12.5, 3)
     , ('3960862', 1290, '2021-02-11', 416, 6, 7)
     , ('3236100', 1600, '2021-02-11', 398, 19, 7)
     , ('4127998', 220, '2021-02-11', 471, 2.76, 7)
     , ('4562394', 250, '2021-02-11', 504, 32.45, 3)
     , ('3958886', 930, '2021-02-11', 527, 14.96, 3)
     , ('2699309', 1960, '2021-02-12', 398, 3.5, 7)
     , ('2472529', 1950, '2021-02-12', 522, 21, 3)
     , ('4047959', 760, '2021-02-12', 420, 14.4, 7)
     , ('4074354', 1460, '2021-02-12', 474, 7.01, 3)
     , ('2708734', 790, '2021-02-12', 388, 14.4, 7)
     , ('2115525', 790, '2021-02-12', 459, 1.79, 7)
     , ('3630327', 1510, '2021-02-12', 520, 0.86, 3)
     , ('2758210', 930, '2021-02-12', 500, 24.16, 3)
     , ('3062268', 810, '2021-02-12', 428, 32.45, 3)
     , ('2348428', 610, '2021-02-13', 446, 27.6, 3)
     , ('3976468', 660, '2021-02-13', 529, 1.12, 3)
     , ('2053274', 1380, '2021-02-13', 495, 1.12, 7)
     , ('2920780', 880, '2021-02-13', 360, 0.35, 7)
     , ('3457856', 260, '2021-02-13', 462, 29.6, 7)
     , ('2402762', 1050, '2021-02-13', 534, 0.64, 3)
     , ('2203358', 1440, '2021-02-13', 466, 0.02, 3)
     , ('4642280', 1790, '2021-02-13', 495, 0.48, 3)
     , ('3735805', 1740, '2021-02-14', 463, 34.3, 3)
     , ('2131192', 1580, '2021-02-14', 463, 36.3, 3)
     , ('2906675', 1830, '2021-02-14', 469, 1.79, 3)
     , ('2028670', 670, '2021-02-14', 370, 27.45, 3)
     , ('2220875', 120, '2021-02-14', 489, 2.76, 3)
     , ('4024785', 1900, '2021-02-14', 432, 2.5, 3)
     , ('2724513', 290, '2021-02-14', 524, 7.64, 3)
     , ('3533077', 1870, '2021-02-14', 450, 1.46, 7)
     , ('3586089', 1320, '2021-02-14', 446, 25.1, 3)
     , ('3721822', 1700, '2021-02-14', 421, 0.09, 3)
     , ('2609051', 1670, '2021-02-14', 395, 0.48, 3)
     , ('2046179', 690, '2021-02-15', 404, 0.34, 3)
     , ('4089233', 670, '2021-02-15', 521, 3.5, 3)
     , ('3198456', 1930, '2021-02-15', 514, 2, 3)
     , ('3480826', 450, '2021-02-15', 452, 0.7, 3)
     , ('2542723', 1790, '2021-02-15', 507, 1.87, 3)
     , ('2262918', 1240, '2021-02-15', 516, 0.64, 3)
     , ('3118613', 660, '2021-02-15', 454, 0.94, 3)
     , ('2401260', 1850, '2021-02-15', 443, 7.56, 3)
     , ('3175179', 200, '2021-02-15', 391, 5.64, 3)
     , ('2022667', 1450, '2021-02-15', 514, 0.54, 3)
     , ('4013203', 1960, '2021-02-15', 466, 27.32, 3)
     , ('2949454', 1630, '2021-02-16', 370, 0.82, 7)
     , ('3624841', 1780, '2021-02-16', 374, 1.87, 7)
     , ('3409440', 1290, '2021-02-16', 357, 21.1, 3)
     , ('2239093', 1530, '2021-02-16', 500, 29.33, 7)
     , ('4492505', 170, '2021-02-16', 392, 9.6, 7)
     , ('3251464', 1380, '2021-02-16', 407, 0.45, 7)
     , ('4545539', 260, '2021-02-16', 494, 7.64, 7)
     , ('2233867', 1480, '2021-02-16', 445, 0.64, 7)
     , ('3152595', 1580, '2021-02-16', 415, 0.94, 3)
     , ('4058881', 1900, '2021-02-16', 470, 1.79, 7)
     , ('2211728', 220, '2021-02-17', 438, 24.65, 3)
     , ('4637429', 900, '2021-02-17', 476, 27, 7)
     , ('3604015', 1780, '2021-02-17', 362, 0.34, 3)
     , ('3675998', 920, '2021-02-17', 366, 19.66, 7)
     , ('2182437', 530, '2021-02-17', 468, 29.6, 3)
     , ('2341844', 1520, '2021-02-17', 428, 0.94, 7)
     , ('4051648', 270, '2021-02-17', 443, 19, 3)
     , ('2529933', 670, '2021-02-17', 532, 27.32, 3)
     , ('2233981', 1450, '2021-02-17', 515, 0.64, 7)
     , ('3864991', 1350, '2021-02-17', 512, 29.5, 3)
     , ('4305168', 1040, '2021-02-17', 357, 0.06, 7)
     , ('3893655', 480, '2021-02-17', 429, 0.64, 7)
     , ('4130007', 150, '2021-02-17', 411, 38.1, 7)
     , ('2997544', 1100, '2021-02-17', 456, 0.93, 3)
     , ('2291400', 340, '2021-02-17', 360, 12.48, 3)
     , ('4619480', 500, '2021-02-18', 400, 19, 7)
     , ('3576594', 1270, '2021-02-18', 534, 0.64, 3)
     , ('4106925', 1950, '2021-02-18', 478, 27.6, 7)
     , ('2166810', 400, '2021-02-18', 484, 32.45, 3)
     , ('3864015', 930, '2021-02-18', 428, 8.64, 7)
     , ('3084212', 120, '2021-02-18', 438, 21, 7)
     , ('2833232', 670, '2021-02-18', 391, 23.2, 3)
     , ('3335573', 1610, '2021-02-18', 496, 26.56, 3)
     , ('3818655', 290, '2021-02-18', 511, 0.78, 3)
     , ('2901047', 1160, '2021-02-18', 419, 0.64, 3)
     , ('2244197', 190, '2021-02-18', 527, 13.09, 3)
     , ('4103728', 1430, '2021-02-19', 438, 0.93, 3)
     , ('2741246', 1850, '2021-02-19', 386, 0.06, 3)
     , ('2673729', 1540, '2021-02-19', 371, 2.76, 3)
     , ('3497847', 1350, '2021-02-19', 494, 0.02, 3)
     , ('3707274', 910, '2021-02-19', 482, 2, 3)
     , ('4417797', 160, '2021-02-19', 378, 19.6, 3)
     , ('4169465', 1670, '2021-02-19', 482, 0.5, 3)
     , ('2275295', 1760, '2021-02-19', 428, 1.79, 3)
     , ('4450066', 1690, '2021-02-19', 391, 0.04, 3)
     , ('3759217', 1880, '2021-02-19', 374, 2, 3)
     , ('3985729', 710, '2021-02-20', 376, 31, 7)
     , ('2958807', 990, '2021-02-20', 392, 6, 7)
     , ('2386063', 1650, '2021-02-20', 389, 6.12, 7)
     , ('2329930', 650, '2021-02-20', 390, 7.64, 7)
     , ('3318374', 970, '2021-02-20', 368, 34.5, 3)
     , ('4188561', 410, '2021-02-20', 491, 19, 7)
     , ('2647737', 810, '2021-02-21', 378, 14.6, 3)
     , ('2348267', 1030, '2021-02-21', 407, 0.01, 7)
     , ('3307458', 1740, '2021-02-21', 462, 8.64, 7)
     , ('3164912', 620, '2021-02-21', 526, 19, 3)
     , ('3263973', 130, '2021-02-21', 407, 0.85, 7)
     , ('2729792', 670, '2021-02-21', 445, 0.5, 3)
     , ('2591968', 440, '2021-02-21', 377, 14.6, 7)
     , ('3265388', 590, '2021-02-21', 430, 0.34, 3)
     , ('2870171', 680, '2021-02-21', 507, 0.05, 3)
     , ('2271568', 360, '2021-02-22', 370, 19.64, 7)
     , ('2246733', 1730, '2021-02-22', 509, 38.45, 7)
     , ('3196312', 1210, '2021-02-22', 397, 1.4, 7)
     , ('2845214', 1430, '2021-02-22', 428, 0.48, 3)
     , ('4382760', 1460, '2021-02-22', 534, 19.6, 3)
     , ('2873508', 290, '2021-02-22', 497, 2.5, 7)
     , ('3152826', 1940, '2021-02-23', 390, 32.45, 3)
     , ('4317275', 1000, '2021-02-23', 394, 0.45, 7)
     , ('4036295', 180, '2021-02-23', 483, 0.7, 3)
     , ('2323297', 1050, '2021-02-23', 400, 0.34, 7)
     , ('3559188', 520, '2021-02-23', 399, 19.64, 7)
     , ('2842685', 1540, '2021-02-23', 528, 14.3, 3)
     , ('3498360', 1590, '2021-02-23', 446, 34.3, 3)
     , ('3817537', 420, '2021-02-24', 506, 1.46, 3)
     , ('3768459', 1540, '2021-02-24', 361, 0.06, 3)
     , ('3068405', 1380, '2021-02-24', 422, 19.64, 3)
     , ('4062612', 1870, '2021-02-24', 370, 1.64, 7)
     , ('3803054', 1570, '2021-02-24', 376, 0.74, 7)
     , ('4139332', 210, '2021-02-24', 524, 7.7, 7)
     , ('4460245', 340, '2021-02-24', 453, 40, 3)
     , ('3154174', 800, '2021-02-24', 361, 21.1, 3)
     , ('2663697', 240, '2021-02-25', 465, 0.57, 3)
     , ('3846026', 1580, '2021-02-25', 378, 24.65, 3)
     , ('2855751', 1270, '2021-02-25', 469, 0.01, 3)
     , ('2530441', 1110, '2021-02-25', 511, 0.06, 3)
     , ('3519385', 450, '2021-02-25', 483, 1.46, 3)
     , ('4395783', 970, '2021-02-25', 514, 0.48, 3)
     , ('4196898', 1980, '2021-02-25', 434, 2.5, 3)
     , ('4588291', 1430, '2021-02-25', 366, 0.54, 3)
     , ('2137647', 450, '2021-02-25', 513, 0.02, 7)
     , ('3592200', 1100, '2021-02-26', 506, 14.6, 3)
     , ('3279786', 1370, '2021-02-26', 510, 0.84, 3)
     , ('3211911', 660, '2021-02-26', 442, 0.45, 3)
     , ('4319017', 1700, '2021-02-26', 403, 13.64, 3)
     , ('3248037', 700, '2021-02-26', 461, 14.69, 3)
     , ('3944200', 1830, '2021-02-26', 500, 19, 3)
     , ('4071216', 1020, '2021-02-26', 405, 28.3, 3)
     , ('4054929', 1900, '2021-02-26', 392, 2, 3)
     , ('3585840', 310, '2021-02-26', 418, 0.44, 3)
     , ('2908862', 290, '2021-02-26', 532, 31.3, 3)
     , ('3258183', 1580, '2021-02-26', 418, 19, 3)
     , ('3193091', 1520, '2021-02-26', 413, 7.56, 3)
     , ('2073073', 320, '2021-02-27', 380, 5.64, 3)
     , ('3504478', 1520, '2021-02-27', 514, 14.6, 3)
     , ('2696143', 1310, '2021-02-27', 515, 0.64, 7)
     , ('4257392', 1780, '2021-02-27', 370, 6, 7)
     , ('3671575', 770, '2021-02-27', 429, 13.64, 3)
     , ('2407657', 140, '2021-02-27', 403, 4.6, 7)
     , ('2783602', 1580, '2021-02-27', 395, 32.45, 7)
     , ('3936276', 1610, '2021-02-27', 377, 14.96, 7)
     , ('2155988', 320, '2021-02-28', 456, 31, 7)
     , ('2873688', 1420, '2021-02-28', 533, 0.94, 7)
     , ('4659429', 740, '2021-02-28', 432, 0.05, 3)
     , ('2073139', 1820, '2021-02-28', 380, 1.2, 7)
     , ('4036494', 1440, '2021-02-28', 491, 14.65, 3)
     , ('2939938', 800, '2021-02-28', 477, 0.64, 7)
     , ('4183202', 740, '2021-02-28', 430, 34.3, 3)
     , ('2482476', 760, '2021-02-28', 458, 2.76, 7)
     , ('4628200', 1050, '2021-02-28', 514, 3.5, 3)
     , ('3962529', 1000, '2021-03-01', 358, 3.5, 7)
     , ('2075879', 1290, '2021-03-01', 523, 2.5, 3)
     , ('4605212', 1520, '2021-03-01', 443, 27.45, 3)
     , ('4563883', 1120, '2021-03-01', 497, 19, 7)
     , ('2052712', 1530, '2021-03-01', 522, 34.5, 3)
     , ('3645161', 1820, '2021-03-01', 434, 0.64, 7)
     , ('2307422', 1130, '2021-03-01', 433, 0.48, 7)
     , ('3555777', 1630, '2021-03-01', 412, 0.02, 7)
     , ('3120152', 1930, '2021-03-01', 488, 0.7, 7)
     , ('4309119', 200, '2021-03-01', 462, 26.56, 7)
     , ('3097675', 1150, '2021-03-01', 415, 0.06, 7)
     , ('4067322', 200, '2021-03-02', 407, 0.05, 3)
     , ('3591923', 300, '2021-03-02', 433, 19, 7)
     , ('4456741', 200, '2021-03-02', 388, 32.45, 3)
     , ('4360722', 1810, '2021-03-02', 444, 0.86, 7)
     , ('3819065', 610, '2021-03-02', 377, 21.1, 7)
     , ('2683070', 330, '2021-03-02', 412, 6.34, 3)
     , ('2238860', 530, '2021-03-02', 384, 6.34, 7)
     , ('4186073', 1090, '2021-03-02', 487, 0.03, 3)
     , ('2840328', 720, '2021-03-02', 461, 0.05, 7)
     , ('2911521', 720, '2021-03-02', 514, 13.64, 3)
     , ('3717764', 1020, '2021-03-02', 406, 0.01, 3)
     , ('4027954', 330, '2021-03-02', 512, 13.09, 7)
     , ('4281171', 1810, '2021-03-02', 411, 2, 7)
     , ('3439852', 2000, '2021-03-02', 391, 0.35, 7)
     , ('4228774', 350, '2021-03-02', 503, 0.9, 3)
     , ('3741239', 1810, '2021-03-02', 415, 0.44, 3)
     , ('2449246', 840, '2021-03-02', 441, 0.84, 7)
     , ('2422168', 240, '2021-03-02', 516, 2.5, 3)
     , ('2796924', 700, '2021-03-03', 492, 2.13, 7)
     , ('3573671', 170, '2021-03-03', 491, 14.3, 3)
     , ('3787237', 240, '2021-03-03', 483, 40, 7)
     , ('4467063', 1970, '2021-03-04', 528, 0.01, 7)
     , ('2109979', 1660, '2021-03-04', 507, 25.1, 3)
     , ('3322514', 370, '2021-03-04', 455, 2.5, 3)
     , ('3518243', 880, '2021-03-04', 397, 0.64, 3)
     , ('2483250', 220, '2021-03-04', 378, 0.48, 3)
     , ('4242333', 120, '2021-03-05', 376, 1.64, 3)
     , ('4481851', 1290, '2021-03-05', 471, 3.5, 7)
     , ('3314648', 750, '2021-03-05', 360, 32.45, 7)
     , ('3256590', 1590, '2021-03-05', 483, 0.05, 7)
     , ('2804661', 1850, '2021-03-05', 529, 14.6, 3)
     , ('3337320', 630, '2021-03-05', 471, 12.48, 3)
     , ('2332332', 140, '2021-03-05', 423, 0.6, 3)
     , ('4552421', 660, '2021-03-05', 471, 26.56, 3)
     , ('3354251', 340, '2021-03-05', 439, 9.6, 3)
     , ('3825943', 950, '2021-03-05', 466, 6.34, 3)
     , ('3658821', 1440, '2021-03-05', 506, 7.64, 3)
     , ('2271821', 1800, '2021-03-05', 402, 1.01, 3)
     , ('3523966', 1960, '2021-03-05', 473, 0.9, 3)
     , ('4168047', 1210, '2021-03-05', 386, 0.64, 3)
     , ('4230794', 1920, '2021-03-06', 466, 0.35, 7)
     , ('4422172', 1900, '2021-03-06', 517, 34.5, 3)
     , ('2427326', 550, '2021-03-06', 511, 15.21, 3)
     , ('4431396', 1540, '2021-03-06', 506, 14.4, 3)
     , ('2243108', 900, '2021-03-06', 377, 0.14, 3)
     , ('2169100', 350, '2021-03-06', 488, 14.4, 3)
     , ('3043615', 1720, '2021-03-06', 396, 7.64, 3)
     , ('4415467', 740, '2021-03-06', 365, 2.01, 3)
     , ('2244412', 170, '2021-03-06', 490, 0.01, 3)
     , ('2254501', 1660, '2021-03-07', 510, 2.5, 3)
     , ('4500879', 1070, '2021-03-07', 374, 2, 3)
     , ('3611036', 470, '2021-03-07', 426, 3.5, 3)
     , ('3498787', 1510, '2021-03-07', 440, 0.02, 3)
     , ('3019749', 1300, '2021-03-07', 375, 0.34, 3)
     , ('3687707', 1880, '2021-03-07', 459, 0.34, 3)
     , ('3192689', 380, '2021-03-07', 476, 29.6, 7)
     , ('3621047', 1970, '2021-03-07', 398, 7.7, 7)
     , ('2444070', 1310, '2021-03-07', 511, 27.6, 3)
     , ('2378973', 1410, '2021-03-07', 528, 2, 7)
     , ('4184009', 760, '2021-03-08', 363, 19, 7)
     , ('2258698', 1070, '2021-03-08', 473, 15.21, 7)
     , ('2851094', 580, '2021-03-08', 512, 12.5, 7)
     , ('3995836', 610, '2021-03-08', 386, 21.5, 7)
     , ('3154094', 1510, '2021-03-08', 375, 6.12, 3)
     , ('2104097', 1510, '2021-03-08', 436, 0.48, 7)
     , ('3625422', 1270, '2021-03-09', 521, 1.59, 3)
     , ('2179770', 1520, '2021-03-09', 530, 21.34, 7)
     , ('2291548', 1430, '2021-03-09', 429, 0.35, 3)
     , ('4599475', 880, '2021-03-09', 496, 1.12, 7)
     , ('2975498', 1450, '2021-03-09', 509, 27.32, 3)
     , ('2179879', 1500, '2021-03-09', 390, 6.34, 7)
     , ('4582310', 1020, '2021-03-09', 374, 38.63, 3)
     , ('3985804', 1940, '2021-03-09', 466, 14.3, 3)
     , ('4495835', 620, '2021-03-09', 442, 1.01, 7)
     , ('4608277', 1800, '2021-03-09', 437, 0.02, 3)
     , ('3403549', 170, '2021-03-10', 415, 0.06, 7)
     , ('2896706', 150, '2021-03-10', 357, 19.66, 7)
     , ('3238468', 1200, '2021-03-10', 507, 0.84, 7)
     , ('2623773', 1110, '2021-03-10', 516, 0.03, 3)
     , ('3076947', 1810, '2021-03-10', 473, 27.6, 3)
     , ('4407849', 1170, '2021-03-10', 378, 29.6, 3)
     , ('4274578', 280, '2021-03-10', 533, 1.79, 3)
     , ('3706494', 1690, '2021-03-11', 497, 31.17, 3)
     , ('3642549', 710, '2021-03-11', 387, 2.13, 7)
     , ('3263374', 1980, '2021-03-11', 511, 0.9, 3)
     , ('2178795', 1280, '2021-03-11', 379, 19, 3)
     , ('2881203', 740, '2021-03-11', 520, 2, 3)
     , ('4186399', 1710, '2021-03-11', 467, 0.03, 3)
     , ('4562565', 1560, '2021-03-11', 518, 1.4, 3)
     , ('2718527', 1120, '2021-03-11', 364, 21.34, 3)
     , ('3432195', 730, '2021-03-11', 433, 7.7, 3)
     , ('4235422', 1100, '2021-03-11', 400, 14.3, 3)
     , ('4366751', 350, '2021-03-12', 514, 0.04, 3)
     , ('3245981', 320, '2021-03-12', 437, 27, 3)
     , ('3913156', 1490, '2021-03-13', 462, 1.64, 3)
     , ('3800679', 220, '2021-03-13', 466, 0.45, 3)
     , ('4230791', 1150, '2021-03-13', 418, 3, 3)
     , ('3386616', 650, '2021-03-13', 440, 0.09, 3)
     , ('4436968', 540, '2021-03-13', 497, 0.94, 7)
     , ('3681019', 2000, '2021-03-13', 458, 0.03, 7)
     , ('2725514', 1300, '2021-03-13', 437, 31.17, 3)
     , ('2152515', 1110, '2021-03-13', 473, 0.14, 7)
     , ('2416245', 1280, '2021-03-13', 441, 5.64, 7)
     , ('2516828', 630, '2021-03-13', 436, 0.04, 7)
     , ('2338014', 830, '2021-03-13', 368, 2.13, 7)
     , ('3453973', 1260, '2021-03-14', 498, 3.5, 7)
     , ('2059826', 370, '2021-03-14', 370, 6.34, 3)
     , ('3753354', 1980, '2021-03-14', 509, 19.66, 7)
     , ('4136238', 1720, '2021-03-14', 495, 19, 3)
     , ('3288180', 1210, '2021-03-14', 390, 31.17, 7)
     , ('3847238', 520, '2021-03-14', 528, 0.06, 3)
     , ('3687982', 1990, '2021-03-14', 511, 2.76, 7)
     , ('2873212', 1690, '2021-03-15', 373, 0.14, 3)
     , ('3104851', 760, '2021-03-15', 499, 1.87, 7)
     , ('2483045', 1560, '2021-03-15', 464, 0.96, 3)
     , ('3938699', 1570, '2021-03-15', 378, 2.01, 3)
     , ('4254294', 740, '2021-03-15', 443, 15.21, 7)
     , ('3581582', 1680, '2021-03-15', 396, 17.8, 3)
     , ('3175501', 840, '2021-03-15', 443, 5.64, 7)
     , ('2844556', 510, '2021-03-15', 485, 0.04, 7)
     , ('4003066', 1580, '2021-03-15', 485, 0.05, 7)
     , ('4213035', 180, '2021-03-15', 399, 29.6, 3)
     , ('3468744', 1110, '2021-03-16', 420, 14.65, 3)
     , ('3138332', 1610, '2021-03-16', 414, 0.02, 7)
     , ('2634458', 250, '2021-03-16', 487, 13.12, 3)
     , ('3772958', 1330, '2021-03-16', 513, 39, 7)
     , ('3076894', 460, '2021-03-16', 375, 0.44, 3)
     , ('4225104', 340, '2021-03-16', 422, 0.48, 7)
     , ('3126379', 100, '2021-03-16', 528, 27.6, 7)
     , ('2862316', 1760, '2021-03-16', 503, 1.4, 3)
     , ('2569848', 1690, '2021-03-16', 498, 2, 3)
     , ('3995101', 640, '2021-03-16', 371, 39, 3)
     , ('2038418', 1410, '2021-03-16', 488, 23.2, 3)
     , ('2080157', 1670, '2021-03-16', 504, 19.66, 3)
     , ('2810127', 360, '2021-03-16', 444, 25.1, 3)
     , ('3196527', 1610, '2021-03-16', 516, 19.6, 3)
     , ('4176060', 760, '2021-03-17', 495, 9.12, 3)
     , ('4444747', 1800, '2021-03-17', 411, 0.9, 3)
     , ('3397376', 560, '2021-03-17', 405, 0.03, 3)
     , ('4270412', 1300, '2021-03-17', 373, 28.26, 3)
     , ('2787157', 1790, '2021-03-17', 386, 0.34, 3)
     , ('4189121', 500, '2021-03-17', 499, 25.9, 3)
     , ('3580596', 1930, '2021-03-18', 484, 0.48, 3)
     , ('4439513', 590, '2021-03-18', 403, 28.3, 3)
     , ('3883998', 1190, '2021-03-18', 393, 34.3, 7)
     , ('4567752', 1950, '2021-03-18', 375, 27.5, 7)
     , ('3216167', 620, '2021-03-18', 534, 14.5, 7)
     , ('4334346', 1670, '2021-03-18', 505, 0.86, 7)
     , ('3055825', 1470, '2021-03-18', 379, 14.65, 3)
     , ('4275957', 1890, '2021-03-18', 453, 0.02, 7)
     , ('2884445', 260, '2021-03-18', 529, 2.5, 3)
     , ('2982669', 1700, '2021-03-18', 455, 7.64, 7)
     , ('2203223', 310, '2021-03-18', 389, 19, 7)
     , ('3173357', 1960, '2021-03-18', 446, 3, 3)
     , ('2854595', 1540, '2021-03-18', 485, 1.79, 7)
     , ('3810529', 1110, '2021-03-18', 472, 24.65, 3)
     , ('2867534', 1940, '2021-03-19', 511, 8.64, 7)
     , ('2419809', 1310, '2021-03-19', 472, 0.02, 3)
     , ('2789329', 1490, '2021-03-19', 435, 1.79, 3)
     , ('4406609', 1950, '2021-03-19', 411, 19, 7)
     , ('3431920', 1280, '2021-03-19', 357, 0.34, 7)
     , ('4418094', 1240, '2021-03-19', 400, 0.54, 7)
     , ('4106211', 650, '2021-03-20', 396, 3.48, 3)
     , ('3931074', 1070, '2021-03-20', 444, 6.34, 3)
     , ('3439909', 530, '2021-03-20', 424, 31, 7)
     , ('2761590', 1240, '2021-03-20', 380, 32.45, 3)
     , ('3005442', 550, '2021-03-21', 434, 34.3, 7)
     , ('3298595', 360, '2021-03-21', 358, 27, 3)
     , ('2186304', 720, '2021-03-21', 472, 0.44, 7)
     , ('4324939', 1110, '2021-03-21', 441, 29.5, 7)
     , ('2114343', 240, '2021-03-21', 512, 6, 3)
     , ('3261872', 1070, '2021-03-21', 381, 17.8, 3)
     , ('4237121', 1290, '2021-03-21', 483, 23.2, 3)
     , ('2495124', 630, '2021-03-21', 377, 14.6, 3)
     , ('2222212', 1850, '2021-03-21', 481, 38.1, 3)
     , ('4425947', 830, '2021-03-21', 477, 0.01, 7)
     , ('4609650', 1790, '2021-03-21', 422, 6.12, 7)
     , ('2274339', 960, '2021-03-21', 484, 21.5, 7)
     , ('2679153', 890, '2021-03-21', 447, 0.44, 3)
     , ('2512884', 220, '2021-03-21', 409, 28.26, 3)
     , ('3151938', 1310, '2021-03-22', 498, 24.16, 3)
     , ('3836138', 790, '2021-03-22', 443, 1.01, 3)
     , ('2858054', 410, '2021-03-22', 464, 25.1, 3)
     , ('2780434', 450, '2021-03-22', 384, 0.85, 3)
     , ('2531543', 880, '2021-03-22', 441, 2, 3)
     , ('3676156', 260, '2021-03-22', 380, 27.6, 3)
     , ('2937892', 310, '2021-03-22', 461, 0.93, 3)
     , ('4507229', 1110, '2021-03-22', 512, 19.66, 3)
     , ('3729924', 1110, '2021-03-22', 367, 14.96, 7)
     , ('4303205', 1830, '2021-03-22', 435, 34.3, 3)
     , ('4512871', 1330, '2021-03-22', 422, 0.06, 3)
     , ('2761241', 720, '2021-03-22', 530, 7.01, 3)
     , ('4144038', 1100, '2021-03-22', 411, 34.3, 3)
     , ('2514882', 960, '2021-03-22', 455, 27.6, 3)
     , ('2389169', 400, '2021-03-22', 412, 7.64, 3)
     , ('4070922', 1730, '2021-03-22', 445, 31, 3)
     , ('2062747', 1550, '2021-03-23', 410, 1.01, 3)
     , ('4369662', 1120, '2021-03-23', 411, 36.3, 3)
     , ('2338313', 1420, '2021-03-23', 408, 27.6, 3)
     , ('3810372', 1680, '2021-03-23', 426, 14.96, 3)
     , ('3693942', 440, '2021-03-23', 403, 27.45, 3)
     , ('4101195', 700, '2021-03-23', 369, 9.55, 3)
     , ('3063653', 1590, '2021-03-23', 402, 3.48, 3)
     , ('2798639', 520, '2021-03-23', 496, 24.65, 7)
     , ('3415520', 470, '2021-03-23', 365, 0.09, 7)
     , ('3152075', 1370, '2021-03-23', 408, 15.21, 3)
     , ('3926674', 900, '2021-03-23', 463, 2.5, 7)
     , ('2623954', 940, '2021-03-24', 446, 1.12, 7)
     , ('4634422', 270, '2021-03-24', 517, 0.48, 7)
     , ('2188914', 320, '2021-03-24', 360, 12.48, 3)
     , ('3805357', 1290, '2021-03-24', 390, 7.56, 7)
     , ('3666860', 1270, '2021-03-24', 430, 6, 3)
     , ('3104781', 1670, '2021-03-24', 489, 1.46, 3)
     , ('3186966', 1290, '2021-03-24', 504, 14.3, 7)
     , ('4016579', 1380, '2021-03-24', 511, 13.12, 3)
     , ('4469150', 1410, '2021-03-24', 479, 25.9, 7)
     , ('3377002', 820, '2021-03-24', 473, 29.5, 7)
     , ('2860305', 720, '2021-03-24', 404, 32.45, 7)
     , ('2704460', 1550, '2021-03-25', 517, 19, 3)
     , ('2769196', 200, '2021-03-25', 421, 0.34, 3)
     , ('3345289', 890, '2021-03-25', 432, 2, 3)
     , ('2062098', 130, '2021-03-25', 409, 0.34, 3)
     , ('3571207', 1870, '2021-03-25', 407, 0.74, 3)
     , ('3335814', 1860, '2021-03-25', 533, 2, 7)
     , ('3653858', 590, '2021-03-25', 453, 0.96, 3)
     , ('4010505', 670, '2021-03-25', 363, 2.01, 3)
     , ('2409376', 1810, '2021-03-25', 481, 0.05, 3)
     , ('3974329', 330, '2021-03-25', 482, 27.6, 3)
     , ('2111388', 820, '2021-03-26', 417, 19, 3)
     , ('3051678', 630, '2021-03-26', 437, 0.02, 3)
     , ('2860988', 690, '2021-03-26', 530, 14.6, 3)
     , ('3997205', 880, '2021-03-26', 374, 0.02, 3)
     , ('4333464', 1140, '2021-03-26', 484, 0.78, 3)
     , ('3526705', 1830, '2021-03-26', 444, 15.21, 3)
     , ('2316049', 650, '2021-03-26', 452, 21.1, 3)
     , ('3595782', 1070, '2021-03-26', 381, 7.64, 3)
     , ('2388764', 1510, '2021-03-26', 477, 0.01, 3)
     , ('2424378', 370, '2021-03-26', 525, 0.34, 3)
     , ('3093254', 760, '2021-03-26', 507, 1.46, 7)
     , ('4303720', 1250, '2021-03-26', 502, 27.5, 7)
     , ('3977627', 820, '2021-03-26', 413, 24.65, 3)
     , ('4386911', 980, '2021-03-26', 396, 2.5, 7)
     , ('2512233', 440, '2021-03-27', 402, 2.76, 7)
     , ('3312558', 470, '2021-03-27', 517, 34.3, 7)
     , ('2571641', 810, '2021-03-27', 386, 2.5, 7)
     , ('3678381', 1750, '2021-03-27', 483, 14.96, 7)
     , ('3128031', 110, '2021-03-27', 481, 7.7, 3)
     , ('4571534', 420, '2021-03-27', 427, 40, 7)
     , ('2386833', 1190, '2021-03-27', 468, 2.5, 3)
     , ('4325862', 140, '2021-03-27', 380, 0.35, 7)
     , ('2889217', 1520, '2021-03-27', 439, 19, 3)
     , ('2471461', 1560, '2021-03-27', 358, 0.48, 7)
     , ('2647136', 1570, '2021-03-28', 473, 0.34, 3)
     , ('3729906', 170, '2021-03-28', 490, 0.02, 7)
     , ('4625101', 500, '2021-03-28', 444, 34.5, 3)
     , ('4327092', 960, '2021-03-28', 484, 3, 3)
     , ('2376333', 1510, '2021-03-28', 396, 0.94, 7)
     , ('2363595', 160, '2021-03-28', 457, 17.8, 3)
     , ('3608222', 740, '2021-03-28', 364, 0.04, 7)
     , ('3996519', 920, '2021-03-28', 526, 1.64, 7)
     , ('2637687', 1850, '2021-03-28', 413, 2.13, 7)
     , ('4306062', 1150, '2021-03-29', 407, 13.07, 3)
     , ('2192984', 1990, '2021-03-29', 365, 38.45, 3)
     , ('3655269', 140, '2021-03-29', 369, 0.84, 7)
     , ('3092994', 290, '2021-03-29', 500, 19, 3)
     , ('4040235', 1680, '2021-03-29', 465, 2, 7)
     , ('3828127', 770, '2021-03-30', 520, 1.2, 3)
     , ('2660813', 790, '2021-03-30', 525, 19, 7)
     , ('3049844', 610, '2021-03-30', 422, 21.34, 7)
     , ('3467113', 570, '2021-03-30', 505, 24.16, 3)
     , ('4443095', 220, '2021-03-30', 417, 7.7, 3)
     , ('2603574', 700, '2021-03-30', 357, 0.6, 3)
     , ('4335588', 870, '2021-03-30', 513, 12.48, 3)
     , ('4258855', 390, '2021-03-30', 385, 0.02, 3)
     , ('2069016', 810, '2021-03-31', 383, 17.8, 3)
     , ('3903547', 1020, '2021-03-31', 361, 24.65, 3)
     , ('3388454', 740, '2021-03-31', 531, 19.64, 3)
     , ('4175428', 170, '2021-03-31', 411, 0.94, 3)
     , ('4368537', 1260, '2021-03-31', 420, 1.01, 3)
     , ('2201842', 1430, '2021-03-31', 507, 1.79, 3)
     , ('3372173', 690, '2021-03-31', 485, 28.3, 3)
     , ('4179484', 1550, '2021-03-31', 489, 0.04, 3)
     , ('4298878', 1870, '2021-03-31', 484, 0.93, 3)
     , ('3591602', 1650, '2021-03-31', 433, 21.5, 7)
     , ('2330879', 490, '2021-03-31', 468, 7.7, 3)
     , ('2094409', 970, '2021-03-31', 387, 0.35, 7)
     , ('4064579', 1950, '2021-03-31', 444, 34.3, 7)
     , ('3352506', 1420, '2021-04-01', 431, 0.44, 7)
     , ('2995922', 930, '2021-04-01', 496, 0.02, 3)
     , ('2639016', 630, '2021-04-01', 473, 2.5, 3)
     , ('2444780', 1160, '2021-04-01', 476, 0.54, 7)
     , ('2269573', 1870, '2021-04-01', 375, 0.64, 3)
     , ('2523897', 930, '2021-04-01', 491, 24.16, 7)
     , ('3676103', 1320, '2021-04-01', 439, 4.6, 3)
     , ('3856347', 1100, '2021-04-01', 448, 28.26, 7)
     , ('2989228', 1340, '2021-04-01', 485, 31.3, 7)
     , ('4109467', 980, '2021-04-01', 426, 2.5, 3)
     , ('2781525', 1680, '2021-04-02', 414, 0.93, 3)
     , ('4153670', 310, '2021-04-02', 468, 6.34, 3)
     , ('2368196', 1420, '2021-04-02', 400, 14.96, 3)
     , ('2684836', 620, '2021-04-02', 470, 24.16, 3)
     , ('2319917', 1400, '2021-04-02', 417, 0.84, 3)
     , ('4194162', 1770, '2021-04-02', 477, 0.06, 3)
     , ('2848099', 540, '2021-04-02', 416, 0.34, 3)
     , ('2605564', 1900, '2021-04-02', 419, 19, 3)
     , ('2354729', 1700, '2021-04-02', 432, 27.6, 3)
     , ('2458098', 1940, '2021-04-03', 392, 28.3, 3)
     , ('3418296', 600, '2021-04-03', 522, 2.01, 3)
     , ('2599580', 530, '2021-04-03', 403, 0.84, 3)
     , ('3718426', 1960, '2021-04-03', 411, 9.55, 3)
     , ('2609158', 820, '2021-04-03', 496, 21, 3)
     , ('3261333', 1640, '2021-04-03', 516, 2, 7)
     , ('2255209', 1690, '2021-04-03', 506, 7.64, 7)
     , ('3948048', 1310, '2021-04-03', 415, 25.1, 7)
     , ('2007746', 1270, '2021-04-03', 468, 1.89, 7)
     , ('2107441', 1740, '2021-04-04', 488, 6, 3)
     , ('2382013', 1800, '2021-04-04', 421, 0.04, 7)
     , ('2853712', 1420, '2021-04-04', 407, 19, 3)
     , ('4545736', 1220, '2021-04-04', 406, 0.34, 7)
     , ('2686080', 1790, '2021-04-04', 458, 27.6, 7)
     , ('3238975', 1320, '2021-04-04', 474, 24.16, 3)
     , ('3763376', 1650, '2021-04-04', 509, 7.64, 7)
     , ('3155679', 1040, '2021-04-04', 519, 25.1, 3)
     , ('2677637', 140, '2021-04-04', 514, 0.93, 7)
     , ('4337396', 1650, '2021-04-04', 392, 21.34, 3)
     , ('2933740', 880, '2021-04-05', 521, 0.03, 3)
     , ('4022240', 320, '2021-04-05', 378, 29.33, 7)
     , ('2850370', 490, '2021-04-05', 505, 31.17, 7)
     , ('3035381', 1760, '2021-04-05', 385, 21, 7)
     , ('4066390', 1800, '2021-04-05', 484, 29.6, 3)
     , ('3949708', 1570, '2021-04-05', 488, 0.78, 3)
     , ('4131113', 430, '2021-04-05', 471, 7.01, 7)
     , ('2500637', 1030, '2021-04-05', 362, 27.6, 3)
     , ('2561909', 1130, '2021-04-05', 410, 1.59, 7)
     , ('3435887', 1360, '2021-04-05', 532, 7.56, 3)
     , ('2411526', 280, '2021-04-05', 381, 14.65, 7)
     , ('4410438', 1210, '2021-04-06', 444, 0.03, 7)
     , ('3830156', 700, '2021-04-06', 444, 12.5, 3)
     , ('3974689', 690, '2021-04-06', 453, 0.02, 3)
     , ('2300910', 730, '2021-04-06', 464, 0.05, 3)
     , ('2046354', 980, '2021-04-06', 519, 13.07, 3)
     , ('3702680', 1810, '2021-04-06', 358, 16.4, 3)
     , ('2665193', 980, '2021-04-06', 482, 7.64, 7)
     , ('4597688', 330, '2021-04-06', 446, 2.5, 7)
     , ('4188785', 1210, '2021-04-06', 485, 2.5, 7)
     , ('2906748', 180, '2021-04-06', 463, 9.06, 3)
     , ('2102873', 830, '2021-04-06', 466, 8.64, 3)
     , ('2863490', 940, '2021-04-06', 391, 0.09, 3)
     , ('3351954', 1370, '2021-04-07', 508, 0.05, 3)
     , ('4577783', 1840, '2021-04-07', 468, 4.6, 3)
     , ('4399568', 460, '2021-04-07', 472, 17.8, 3)
     , ('4089232', 610, '2021-04-07', 361, 1.79, 3)
     , ('3630176', 1600, '2021-04-07', 433, 12.5, 3)
     , ('2165600', 660, '2021-04-07', 445, 2, 3)
     , ('3928520', 610, '2021-04-07', 513, 38.45, 3)
     , ('4377484', 620, '2021-04-07', 421, 2.76, 7)
     , ('2076208', 920, '2021-04-07', 369, 0.44, 3)
     , ('4394194', 270, '2021-04-07', 439, 1.87, 3)
     , ('4042752', 1820, '2021-04-08', 361, 38.1, 3)
     , ('4117263', 950, '2021-04-08', 496, 27, 3)
     , ('2704755', 560, '2021-04-08', 429, 1.4, 3)
     , ('3277483', 500, '2021-04-08', 516, 1.59, 3)
     , ('2401796', 1340, '2021-04-08', 454, 0.34, 3)
     , ('3892652', 1070, '2021-04-08', 471, 13.09, 3)
     , ('4647970', 860, '2021-04-09', 427, 14.5, 3)
     , ('3959124', 930, '2021-04-09', 357, 0.82, 3)
     , ('3636407', 510, '2021-04-09', 491, 19.66, 3)
     , ('2447841', 1130, '2021-04-09', 507, 7.7, 3)
     , ('2686904', 690, '2021-04-09', 447, 0.45, 3)
     , ('2464658', 1020, '2021-04-09', 421, 0.48, 3)
     , ('3714262', 1120, '2021-04-09', 364, 27.6, 7)
     , ('4158503', 1020, '2021-04-09', 489, 19.66, 7)
     , ('2320682', 390, '2021-04-09', 494, 17.8, 3)
     , ('2392558', 370, '2021-04-09', 384, 0.84, 7)
     , ('2344400', 1530, '2021-04-10', 509, 0.05, 7)
     , ('3619976', 1060, '2021-04-10', 369, 38.63, 7)
     , ('2416481', 1420, '2021-04-10', 470, 7.7, 3)
     , ('4011267', 850, '2021-04-10', 475, 1.79, 7)
     , ('4441994', 1170, '2021-04-10', 374, 14.65, 3)
     , ('2524167', 100, '2021-04-10', 499, 23.2, 3)
     , ('2539422', 580, '2021-04-10', 435, 34.3, 7)
     , ('4629962', 390, '2021-04-10', 405, 0.96, 3)
     , ('3216384', 1060, '2021-04-10', 392, 0.04, 7)
     , ('3348228', 1530, '2021-04-10', 525, 3.48, 7)
     , ('2442469', 370, '2021-04-10', 511, 3.48, 7)
     , ('3942857', 1190, '2021-04-10', 452, 14.4, 3)
     , ('4258115', 1700, '2021-04-11', 407, 31.3, 3)
     , ('4129165', 900, '2021-04-11', 443, 2.76, 3)
     , ('2208690', 720, '2021-04-11', 504, 0.48, 3)
     , ('4085695', 1650, '2021-04-11', 395, 3.48, 3)
     , ('3004674', 1020, '2021-04-11', 462, 0.54, 7)
     , ('4093911', 580, '2021-04-11', 385, 27.5, 3)
     , ('2810851', 210, '2021-04-11', 470, 6, 3)
     , ('2183184', 510, '2021-04-11', 394, 27, 3)
     , ('3607324', 1020, '2021-04-11', 463, 19.66, 3)
     , ('2868183', 640, '2021-04-11', 387, 0.04, 3)
     , ('3432209', 1060, '2021-04-11', 419, 0.01, 3)
     , ('2889149', 120, '2021-04-11', 414, 32.45, 3)
     , ('2214214', 1060, '2021-04-11', 497, 38.45, 3)
     , ('4102178', 1370, '2021-04-11', 411, 0.01, 3)
     , ('2577136', 1000, '2021-04-12', 365, 8.64, 3)
     , ('3577028', 1060, '2021-04-12', 382, 19.6, 3)
     , ('3952941', 1690, '2021-04-12', 473, 27.45, 3)
     , ('3498763', 1290, '2021-04-12', 470, 0.34, 3)
     , ('2389329', 100, '2021-04-12', 488, 13.09, 3)
     , ('4648059', 840, '2021-04-12', 366, 0.64, 7)
     , ('3227458', 920, '2021-04-12', 436, 0.94, 7)
     , ('4596004', 1770, '2021-04-12', 381, 0.9, 3)
     , ('4193606', 670, '2021-04-13', 506, 19, 7)
     , ('3093480', 1460, '2021-04-13', 390, 3, 7)
     , ('4485705', 440, '2021-04-13', 427, 13.09, 7)
     , ('2722134', 190, '2021-04-13', 468, 13.64, 7)
     , ('3928391', 1810, '2021-04-13', 402, 0.48, 7)
     , ('2332279', 810, '2021-04-13', 480, 0.7, 3)
     , ('3190550', 1810, '2021-04-13', 457, 31.3, 7)
     , ('2667792', 1640, '2021-04-13', 428, 2, 3)
     , ('2827041', 1200, '2021-04-13', 505, 9.55, 7)
     , ('2027271', 450, '2021-04-13', 367, 0.82, 3)
     , ('2961148', 1600, '2021-04-13', 495, 1.12, 7)
     , ('4664461', 1780, '2021-04-13', 493, 1.64, 3)
     , ('3300715', 850, '2021-04-13', 456, 6, 7)
     , ('4451980', 570, '2021-04-13', 501, 31.17, 3)
     , ('2805867', 1050, '2021-04-13', 496, 7.7, 3)
     , ('3277913', 320, '2021-04-14', 460, 1.79, 7)
     , ('4180407', 1690, '2021-04-14', 475, 21, 3)
     , ('2414197', 1850, '2021-04-14', 452, 0.7, 7)
     , ('2934501', 1680, '2021-04-14', 393, 0.01, 7)
     , ('3391497', 620, '2021-04-14', 359, 0.02, 7)
     , ('2645371', 1840, '2021-04-14', 409, 16.4, 3)
     , ('3060236', 1010, '2021-04-14', 478, 0.09, 3)
     , ('3399827', 1720, '2021-04-14', 497, 21.1, 7)
     , ('4505017', 880, '2021-04-14', 529, 0.64, 3);

INSERT INTO manufacture.public.need
    (month, product_id, count, destination_id)
VALUES ('2021.02.01', 357, 3080, 1)
     , ('2021.02.01', 358, 1740, 1)
     , ('2021.02.01', 359, 3800, 1)
     , ('2021.02.01', 360, 2810, 2)
     , ('2021.02.01', 361, 1760, 2)
     , ('2021.02.01', 362, 600, 1)
     , ('2021.02.01', 363, 120, 2)
     , ('2021.02.01', 364, 570, 2)
     , ('2021.02.01', 366, 3100, 1)
     , ('2021.02.01', 367, 3540, 1)
     , ('2021.02.01', 368, 2110, 2)
     , ('2021.02.01', 369, 950, 1)
     , ('2021.02.01', 373, 2420, 1)
     , ('2021.02.01', 374, 2610, 1)
     , ('2021.02.01', 375, 1500, 2)
     , ('2021.02.01', 376, 2210, 2)
     , ('2021.02.01', 377, 630, 1)
     , ('2021.02.01', 378, 2660, 1)
     , ('2021.02.01', 379, 2610, 2)
     , ('2021.02.01', 380, 4530, 1)
     , ('2021.02.01', 381, 1580, 1)
     , ('2021.02.01', 383, 2970, 1)
     , ('2021.02.01', 384, 2980, 1)
     , ('2021.02.01', 385, 1200, 1)
     , ('2021.02.01', 386, 670, 1)
     , ('2021.02.01', 388, 1840, 1)
     , ('2021.02.01', 390, 3780, 1)
     , ('2021.02.01', 391, 4180, 1)
     , ('2021.02.01', 392, 900, 1)
     , ('2021.02.01', 393, 1250, 1)
     , ('2021.02.01', 394, 670, 1)
     , ('2021.02.01', 395, 2320, 1)
     , ('2021.02.01', 396, 200, 1)
     , ('2021.02.01', 397, 1040, 1)
     , ('2021.02.01', 398, 550, 2)
     , ('2021.02.01', 399, 3210, 2)
     , ('2021.02.01', 400, 1990, 1)
     , ('2021.02.01', 401, 580, 1)
     , ('2021.02.01', 403, 1830, 2)
     , ('2021.02.01', 404, 1180, 1)
     , ('2021.02.01', 405, 1790, 1)
     , ('2021.02.01', 406, 1460, 1)
     , ('2021.02.01', 407, 540, 1)
     , ('2021.02.01', 408, 3220, 2)
     , ('2021.02.01', 409, 4190, 2)
     , ('2021.02.01', 410, 3040, 1)
     , ('2021.02.01', 413, 1500, 2)
     , ('2021.02.01', 414, 1110, 2)
     , ('2021.02.01', 416, 280, 1)
     , ('2021.02.01', 417, 2840, 2)
     , ('2021.02.01', 418, 660, 1)
     , ('2021.02.01', 419, 700, 2)
     , ('2021.02.01', 421, 1660, 1)
     , ('2021.02.01', 422, 3090, 1)
     , ('2021.02.01', 423, 4440, 1)
     , ('2021.02.01', 424, 1430, 2)
     , ('2021.02.01', 425, 670, 2)
     , ('2021.02.01', 426, 1920, 1)
     , ('2021.02.01', 427, 2130, 2)
     , ('2021.02.01', 429, 1390, 1)
     , ('2021.02.01', 430, 880, 2)
     , ('2021.02.01', 431, 1520, 1)
     , ('2021.02.01', 432, 1560, 2)
     , ('2021.02.01', 433, 2060, 2)
     , ('2021.02.01', 434, 160, 1)
     , ('2021.02.01', 435, 1620, 1)
     , ('2021.02.01', 436, 270, 2)
     , ('2021.02.01', 437, 2610, 2)
     , ('2021.02.01', 438, 3400, 1)
     , ('2021.02.01', 439, 1980, 1)
     , ('2021.02.01', 440, 3760, 2)
     , ('2021.02.01', 441, 3730, 2)
     , ('2021.02.01', 442, 1540, 1)
     , ('2021.02.01', 443, 1940, 1)
     , ('2021.02.01', 444, 970, 1)
     , ('2021.02.01', 445, 4580, 1)
     , ('2021.02.01', 446, 870, 2)
     , ('2021.02.01', 447, 410, 1)
     , ('2021.02.01', 449, 2770, 1)
     , ('2021.02.01', 450, 510, 2)
     , ('2021.02.01', 451, 2960, 1)
     , ('2021.02.01', 453, 1960, 1)
     , ('2021.02.01', 454, 1360, 1)
     , ('2021.02.01', 455, 1730, 2)
     , ('2021.02.01', 457, 160, 1)
     , ('2021.02.01', 458, 1610, 1)
     , ('2021.02.01', 459, 1530, 2)
     , ('2021.02.01', 460, 960, 2)
     , ('2021.02.01', 462, 1600, 2)
     , ('2021.02.01', 463, 1530, 1)
     , ('2021.02.01', 465, 540, 2)
     , ('2021.02.01', 467, 1560, 2)
     , ('2021.02.01', 468, 2890, 2)
     , ('2021.02.01', 469, 2210, 2)
     , ('2021.02.01', 470, 2030, 1)
     , ('2021.02.01', 472, 1480, 2)
     , ('2021.02.01', 474, 1860, 2)
     , ('2021.02.01', 475, 5830, 1)
     , ('2021.02.01', 476, 4640, 1)
     , ('2021.02.01', 478, 3110, 1)
     , ('2021.02.01', 481, 1620, 2)
     , ('2021.02.01', 484, 1680, 1)
     , ('2021.02.01', 486, 1650, 2)
     , ('2021.02.01', 487, 1200, 2)
     , ('2021.02.01', 488, 1620, 1)
     , ('2021.02.01', 489, 1550, 2)
     , ('2021.02.01', 490, 1410, 1)
     , ('2021.02.01', 492, 210, 2)
     , ('2021.02.01', 495, 1620, 1)
     , ('2021.02.01', 496, 910, 2)
     , ('2021.02.01', 497, 3830, 1)
     , ('2021.02.01', 498, 2510, 2)
     , ('2021.02.01', 499, 330, 2)
     , ('2021.02.01', 500, 1540, 1)
     , ('2021.02.01', 501, 310, 2)
     , ('2021.02.01', 502, 250, 2)
     , ('2021.02.01', 504, 330, 2)
     , ('2021.02.01', 505, 2100, 1)
     , ('2021.02.01', 506, 1320, 2)
     , ('2021.02.01', 507, 5780, 2)
     , ('2021.02.01', 508, 1160, 1)
     , ('2021.02.01', 509, 170, 1)
     , ('2021.02.01', 510, 3100, 2)
     , ('2021.02.01', 511, 470, 2)
     , ('2021.02.01', 513, 2290, 1)
     , ('2021.02.01', 514, 940, 1)
     , ('2021.02.01', 515, 2320, 1)
     , ('2021.02.01', 516, 3290, 2)
     , ('2021.02.01', 517, 4340, 2)
     , ('2021.02.01', 518, 730, 1)
     , ('2021.02.01', 520, 360, 2)
     , ('2021.02.01', 521, 1900, 1)
     , ('2021.02.01', 522, 330, 2)
     , ('2021.02.01', 524, 1880, 2)
     , ('2021.02.01', 526, 1790, 2)
     , ('2021.02.01', 527, 2450, 2)
     , ('2021.02.01', 529, 3030, 2)
     , ('2021.02.01', 530, 240, 1)
     , ('2021.02.01', 531, 390, 2)
     , ('2021.02.01', 532, 1550, 1)
     , ('2021.02.01', 533, 700, 2)
     , ('2021.02.01', 534, 3290, 2)
     , ('2021.03.01', 357, 3900, 2)
     , ('2021.03.01', 358, 1650, 2)
     , ('2021.03.01', 359, 190, 1)
     , ('2021.03.01', 360, 1690, 1)
     , ('2021.03.01', 361, 3600, 2)
     , ('2021.03.01', 362, 1750, 1)
     , ('2021.03.01', 365, 1240, 1)
     , ('2021.03.01', 366, 2310, 2)
     , ('2021.03.01', 367, 170, 1)
     , ('2021.03.01', 368, 800, 2)
     , ('2021.03.01', 370, 7950, 1)
     , ('2021.03.01', 371, 1490, 1)
     , ('2021.03.01', 373, 1370, 2)
     , ('2021.03.01', 374, 3470, 2)
     , ('2021.03.01', 376, 2320, 1)
     , ('2021.03.01', 377, 1680, 1)
     , ('2021.03.01', 378, 2400, 1)
     , ('2021.03.01', 380, 1930, 2)
     , ('2021.03.01', 381, 1310, 1)
     , ('2021.03.01', 382, 450, 1)
     , ('2021.03.01', 385, 1510, 1)
     , ('2021.03.01', 386, 2170, 1)
     , ('2021.03.01', 388, 3650, 2)
     , ('2021.03.01', 389, 1360, 1)
     , ('2021.03.01', 390, 3730, 2)
     , ('2021.03.01', 391, 2490, 2)
     , ('2021.03.01', 392, 2990, 1)
     , ('2021.03.01', 394, 1190, 2)
     , ('2021.03.01', 395, 3160, 1)
     , ('2021.03.01', 397, 1110, 2)
     , ('2021.03.01', 398, 3560, 2)
     , ('2021.03.01', 399, 440, 2)
     , ('2021.03.01', 400, 3200, 1)
     , ('2021.03.01', 401, 3140, 1)
     , ('2021.03.01', 402, 2900, 1)
     , ('2021.03.01', 403, 1690, 2)
     , ('2021.03.01', 404, 560, 2)
     , ('2021.03.01', 405, 1090, 1)
     , ('2021.03.01', 406, 780, 1)
     , ('2021.03.01', 407, 2310, 1)
     , ('2021.03.01', 408, 420, 2)
     , ('2021.03.01', 411, 730, 1)
     , ('2021.03.01', 413, 1420, 2)
     , ('2021.03.01', 414, 630, 2)
     , ('2021.03.01', 415, 1780, 1)
     , ('2021.03.01', 416, 1040, 2)
     , ('2021.03.01', 417, 1380, 2)
     , ('2021.03.01', 418, 3470, 2)
     , ('2021.03.01', 419, 2080, 1)
     , ('2021.03.01', 420, 930, 1)
     , ('2021.03.01', 421, 1800, 2)
     , ('2021.03.01', 422, 2170, 2)
     , ('2021.03.01', 424, 1230, 1)
     , ('2021.03.01', 426, 980, 2)
     , ('2021.03.01', 428, 6080, 1)
     , ('2021.03.01', 429, 1930, 1)
     , ('2021.03.01', 430, 1150, 1)
     , ('2021.03.01', 432, 2510, 1)
     , ('2021.03.01', 434, 1920, 1)
     , ('2021.03.01', 438, 2460, 2)
     , ('2021.03.01', 442, 800, 2)
     , ('2021.03.01', 443, 1890, 2)
     , ('2021.03.01', 444, 1590, 1)
     , ('2021.03.01', 445, 1830, 2)
     , ('2021.03.01', 446, 3480, 1)
     , ('2021.03.01', 448, 1400, 2)
     , ('2021.03.01', 449, 2190, 1)
     , ('2021.03.01', 450, 1690, 1)
     , ('2021.03.01', 451, 1290, 1)
     , ('2021.03.01', 452, 430, 1)
     , ('2021.03.01', 453, 1700, 1)
     , ('2021.03.01', 454, 620, 1)
     , ('2021.03.01', 456, 2810, 1)
     , ('2021.03.01', 458, 720, 2)
     , ('2021.03.01', 459, 2870, 2)
     , ('2021.03.01', 460, 1530, 1)
     , ('2021.03.01', 461, 710, 1)
     , ('2021.03.01', 462, 1710, 1)
     , ('2021.03.01', 463, 3250, 1)
     , ('2021.03.01', 465, 480, 2)
     , ('2021.03.01', 466, 4430, 1)
     , ('2021.03.01', 467, 1770, 2)
     , ('2021.03.01', 468, 470, 1)
     , ('2021.03.01', 469, 3390, 2)
     , ('2021.03.01', 470, 3760, 2)
     , ('2021.03.01', 471, 190, 2)
     , ('2021.03.01', 472, 390, 1)
     , ('2021.03.01', 474, 1440, 2)
     , ('2021.03.01', 476, 1870, 2)
     , ('2021.03.01', 477, 1720, 1)
     , ('2021.03.01', 478, 3360, 1)
     , ('2021.03.01', 479, 1270, 2)
     , ('2021.03.01', 481, 1490, 2)
     , ('2021.03.01', 482, 2340, 1)
     , ('2021.03.01', 483, 1040, 2)
     , ('2021.03.01', 484, 360, 2)
     , ('2021.03.01', 485, 720, 1)
     , ('2021.03.01', 486, 1570, 2)
     , ('2021.03.01', 487, 190, 2)
     , ('2021.03.01', 488, 960, 1)
     , ('2021.03.01', 489, 110, 2)
     , ('2021.03.01', 490, 990, 1)
     , ('2021.03.01', 491, 1660, 2)
     , ('2021.03.01', 493, 660, 1)
     , ('2021.03.01', 494, 2480, 1)
     , ('2021.03.01', 495, 2860, 1)
     , ('2021.03.01', 496, 1820, 2)
     , ('2021.03.01', 497, 1900, 2)
     , ('2021.03.01', 499, 340, 2)
     , ('2021.03.01', 500, 3560, 1)
     , ('2021.03.01', 501, 740, 2)
     , ('2021.03.01', 502, 850, 2)
     , ('2021.03.01', 504, 230, 2)
     , ('2021.03.01', 506, 1960, 2)
     , ('2021.03.01', 507, 3980, 1)
     , ('2021.03.01', 508, 1070, 2)
     , ('2021.03.01', 509, 1520, 2)
     , ('2021.03.01', 510, 1150, 1)
     , ('2021.03.01', 511, 3050, 2)
     , ('2021.03.01', 512, 1180, 2)
     , ('2021.03.01', 513, 370, 1)
     , ('2021.03.01', 514, 7030, 2)
     , ('2021.03.01', 515, 2290, 2)
     , ('2021.03.01', 516, 1150, 2)
     , ('2021.03.01', 517, 740, 2)
     , ('2021.03.01', 518, 1880, 2)
     , ('2021.03.01', 519, 1120, 1)
     , ('2021.03.01', 520, 1900, 2)
     , ('2021.03.01', 521, 620, 2)
     , ('2021.03.01', 522, 3070, 2)
     , ('2021.03.01', 524, 500, 1)
     , ('2021.03.01', 526, 1100, 2)
     , ('2021.03.01', 527, 960, 2)
     , ('2021.03.01', 528, 1420, 1)
     , ('2021.03.01', 529, 600, 1)
     , ('2021.03.01', 530, 1790, 1)
     , ('2021.03.01', 532, 860, 1)
     , ('2021.03.01', 533, 2790, 2)
     , ('2021.03.01', 534, 3330, 2)
     , ('2021.04.01', 357, 1950, 1)
     , ('2021.04.01', 358, 2780, 1)
     , ('2021.04.01', 360, 920, 1)
     , ('2021.04.01', 361, 950, 1)
     , ('2021.04.01', 363, 1200, 1)
     , ('2021.04.01', 364, 1580, 1)
     , ('2021.04.01', 365, 2890, 2)
     , ('2021.04.01', 367, 1110, 1)
     , ('2021.04.01', 368, 790, 1)
     , ('2021.04.01', 369, 690, 1)
     , ('2021.04.01', 370, 330, 1)
     , ('2021.04.01', 371, 610, 2)
     , ('2021.04.01', 373, 2950, 2)
     , ('2021.04.01', 374, 2600, 1)
     , ('2021.04.01', 375, 4750, 1)
     , ('2021.04.01', 376, 100, 2)
     , ('2021.04.01', 377, 2060, 2)
     , ('2021.04.01', 378, 2420, 1)
     , ('2021.04.01', 379, 2390, 1)
     , ('2021.04.01', 380, 1380, 1)
     , ('2021.04.01', 381, 1900, 2)
     , ('2021.04.01', 383, 770, 2)
     , ('2021.04.01', 384, 940, 1)
     , ('2021.04.01', 385, 320, 2)
     , ('2021.04.01', 386, 4000, 2)
     , ('2021.04.01', 387, 1480, 2)
     , ('2021.04.01', 388, 190, 1)
     , ('2021.04.01', 389, 300, 2)
     , ('2021.04.01', 390, 3810, 1)
     , ('2021.04.01', 391, 1610, 1)
     , ('2021.04.01', 393, 1150, 1)
     , ('2021.04.01', 396, 5670, 2)
     , ('2021.04.01', 397, 800, 2)
     , ('2021.04.01', 398, 1960, 1)
     , ('2021.04.01', 399, 140, 2)
     , ('2021.04.01', 400, 1900, 1)
     , ('2021.04.01', 402, 3820, 2)
     , ('2021.04.01', 403, 900, 2)
     , ('2021.04.01', 404, 650, 2)
     , ('2021.04.01', 405, 540, 2)
     , ('2021.04.01', 406, 1000, 1)
     , ('2021.04.01', 407, 2820, 1)
     , ('2021.04.01', 408, 2550, 2)
     , ('2021.04.01', 409, 320, 1)
     , ('2021.04.01', 410, 1500, 1)
     , ('2021.04.01', 411, 6560, 1)
     , ('2021.04.01', 412, 1920, 2)
     , ('2021.04.01', 413, 2270, 2)
     , ('2021.04.01', 414, 1310, 1)
     , ('2021.04.01', 415, 3020, 1)
     , ('2021.04.01', 417, 970, 1)
     , ('2021.04.01', 418, 990, 2)
     , ('2021.04.01', 420, 2120, 1)
     , ('2021.04.01', 421, 170, 1)
     , ('2021.04.01', 422, 3810, 2)
     , ('2021.04.01', 423, 110, 1)
     , ('2021.04.01', 424, 520, 2)
     , ('2021.04.01', 426, 1750, 2)
     , ('2021.04.01', 427, 360, 1)
     , ('2021.04.01', 429, 1240, 1)
     , ('2021.04.01', 430, 1110, 1)
     , ('2021.04.01', 432, 760, 2)
     , ('2021.04.01', 433, 3110, 2)
     , ('2021.04.01', 434, 2010, 2)
     , ('2021.04.01', 435, 2790, 1)
     , ('2021.04.01', 436, 2060, 1)
     , ('2021.04.01', 437, 3630, 1)
     , ('2021.04.01', 439, 1550, 1)
     , ('2021.04.01', 440, 2070, 1)
     , ('2021.04.01', 441, 4030, 2)
     , ('2021.04.01', 442, 530, 2)
     , ('2021.04.01', 443, 3310, 1)
     , ('2021.04.01', 444, 6780, 2)
     , ('2021.04.01', 445, 1710, 2)
     , ('2021.04.01', 446, 2800, 1)
     , ('2021.04.01', 447, 890, 1)
     , ('2021.04.01', 452, 650, 1)
     , ('2021.04.01', 453, 2350, 1)
     , ('2021.04.01', 455, 2450, 2)
     , ('2021.04.01', 457, 130, 2)
     , ('2021.04.01', 458, 1790, 1)
     , ('2021.04.01', 459, 1600, 2)
     , ('2021.04.01', 461, 970, 2)
     , ('2021.04.01', 462, 1640, 1)
     , ('2021.04.01', 463, 810, 1)
     , ('2021.04.01', 464, 1850, 1)
     , ('2021.04.01', 465, 1370, 1)
     , ('2021.04.01', 466, 4380, 1)
     , ('2021.04.01', 467, 1640, 1)
     , ('2021.04.01', 468, 1550, 2)
     , ('2021.04.01', 471, 2240, 1)
     , ('2021.04.01', 472, 2850, 2)
     , ('2021.04.01', 473, 7060, 1)
     , ('2021.04.01', 476, 340, 2)
     , ('2021.04.01', 477, 2100, 1)
     , ('2021.04.01', 479, 1350, 2)
     , ('2021.04.01', 481, 3330, 1)
     , ('2021.04.01', 482, 270, 2)
     , ('2021.04.01', 483, 4010, 1)
     , ('2021.04.01', 484, 6740, 1)
     , ('2021.04.01', 485, 4070, 2)
     , ('2021.04.01', 487, 1260, 1)
     , ('2021.04.01', 488, 3540, 1)
     , ('2021.04.01', 489, 2870, 2)
     , ('2021.04.01', 490, 330, 1)
     , ('2021.04.01', 491, 150, 1)
     , ('2021.04.01', 492, 600, 2)
     , ('2021.04.01', 495, 2150, 1)
     , ('2021.04.01', 496, 1170, 2)
     , ('2021.04.01', 497, 2980, 1)
     , ('2021.04.01', 498, 3440, 2)
     , ('2021.04.01', 499, 1230, 2)
     , ('2021.04.01', 500, 260, 2)
     , ('2021.04.01', 502, 1020, 2)
     , ('2021.04.01', 503, 1910, 1)
     , ('2021.04.01', 504, 2590, 2)
     , ('2021.04.01', 505, 1880, 2)
     , ('2021.04.01', 506, 2880, 1)
     , ('2021.04.01', 507, 4460, 2)
     , ('2021.04.01', 509, 3370, 1)
     , ('2021.04.01', 510, 1510, 1)
     , ('2021.04.01', 511, 7380, 1)
     , ('2021.04.01', 512, 2010, 1)
     , ('2021.04.01', 513, 2130, 1)
     , ('2021.04.01', 514, 1030, 2)
     , ('2021.04.01', 516, 2870, 2)
     , ('2021.04.01', 517, 3580, 1)
     , ('2021.04.01', 518, 1490, 2)
     , ('2021.04.01', 520, 1330, 2)
     , ('2021.04.01', 521, 1180, 2)
     , ('2021.04.01', 522, 1500, 1)
     , ('2021.04.01', 523, 1150, 2)
     , ('2021.04.01', 525, 1140, 2)
     , ('2021.04.01', 526, 880, 1)
     , ('2021.04.01', 528, 3960, 1)
     , ('2021.04.01', 529, 1750, 2)
     , ('2021.04.01', 530, 2750, 1)
     , ('2021.04.01', 531, 650, 2)
     , ('2021.04.01', 533, 1850, 1)
     , ('2021.04.01', 534, 520, 2);

INSERT INTO manufacture.public.consumption
    (count, date, destination_id, product_id)
VALUES (3080, '2021-02-09', 1, 357)
     , (1410, '2021-02-09', 1, 358)
     , (2470, '2021-02-14', 1, 359)
     , (2190, '2021-02-14', 2, 360)
     , (1720, '2021-02-13', 2, 361)
     , (380, '2021-02-20', 1, 362)
     , (120, '2021-02-20', 2, 363)
     , (390, '2021-02-15', 2, 364)
     , (1930, '2021-02-03', 1, 366)
     , (2880, '2021-02-12', 1, 367)
     , (1910, '2021-02-01', 2, 368)
     , (740, '2021-02-15', 1, 369)
     , (2180, '2021-02-20', 1, 373)
     , (1740, '2021-02-09', 1, 374)
     , (860, '2021-02-17', 2, 375)
     , (1670, '2021-02-02', 2, 376)
     , (400, '2021-02-17', 1, 377)
     , (2520, '2021-02-02', 1, 378)
     , (2100, '2021-02-10', 2, 379)
     , (4300, '2021-02-13', 1, 380)
     , (1520, '2021-02-21', 1, 381)
     , (2330, '2021-02-09', 1, 383)
     , (2310, '2021-02-03', 1, 384)
     , (870, '2021-02-11', 1, 385)
     , (670, '2021-02-27', 1, 386)
     , (1440, '2021-02-07', 1, 388)
     , (1960, '2021-02-26', 1, 390)
     , (4150, '2021-02-25', 1, 391)
     , (600, '2021-02-03', 1, 392)
     , (1070, '2021-02-04', 1, 393)
     , (650, '2021-02-14', 1, 394)
     , (2150, '2021-02-03', 1, 395)
     , (180, '2021-02-19', 1, 396)
     , (600, '2021-02-15', 1, 397)
     , (440, '2021-02-16', 2, 398)
     , (1850, '2021-02-06', 2, 399)
     , (1410, '2021-02-02', 1, 400)
     , (520, '2021-02-22', 1, 401)
     , (1750, '2021-02-25', 2, 403)
     , (760, '2021-02-15', 1, 404)
     , (930, '2021-02-10', 1, 405)
     , (1180, '2021-02-02', 1, 406)
     , (310, '2021-02-13', 1, 407)
     , (1820, '2021-02-04', 2, 408)
     , (2730, '2021-02-11', 2, 409)
     , (2960, '2021-02-21', 1, 410)
     , (910, '2021-02-07', 2, 413)
     , (760, '2021-02-20', 2, 414)
     , (280, '2021-02-04', 1, 416)
     , (2590, '2021-02-09', 2, 417)
     , (590, '2021-02-21', 1, 418)
     , (430, '2021-02-24', 2, 419)
     , (1600, '2021-02-06', 1, 421)
     , (3070, '2021-02-27', 1, 422)
     , (2580, '2021-02-26', 1, 423)
     , (980, '2021-02-12', 2, 424)
     , (560, '2021-02-19', 2, 425)
     , (1480, '2021-02-16', 1, 426)
     , (1150, '2021-02-24', 2, 427)
     , (1160, '2021-02-12', 1, 429)
     , (700, '2021-02-13', 2, 430)
     , (1270, '2021-02-12', 1, 431)
     , (1050, '2021-02-22', 2, 432)
     , (1710, '2021-02-18', 2, 433)
     , (110, '2021-02-09', 1, 434)
     , (1440, '2021-02-04', 1, 435)
     , (220, '2021-02-18', 2, 436)
     , (2520, '2021-02-16', 2, 437)
     , (2020, '2021-02-23', 1, 438)
     , (1330, '2021-02-12', 1, 439)
     , (2820, '2021-02-27', 2, 440)
     , (2630, '2021-02-13', 2, 441)
     , (1040, '2021-02-13', 1, 442)
     , (1420, '2021-02-22', 1, 443)
     , (690, '2021-02-09', 1, 444)
     , (2450, '2021-02-20', 1, 445)
     , (690, '2021-02-14', 2, 446)
     , (370, '2021-02-12', 1, 447)
     , (2660, '2021-02-14', 1, 449)
     , (260, '2021-02-23', 2, 450)
     , (2300, '2021-02-06', 1, 451)
     , (1090, '2021-02-01', 1, 453)
     , (1030, '2021-02-17', 1, 454)
     , (1550, '2021-02-14', 2, 455)
     , (130, '2021-02-26', 1, 457)
     , (1140, '2021-02-04', 1, 458)
     , (1290, '2021-02-24', 2, 459)
     , (670, '2021-02-14', 2, 460)
     , (1470, '2021-02-07', 2, 462)
     , (870, '2021-02-01', 1, 463)
     , (360, '2021-02-14', 2, 465)
     , (1550, '2021-02-06', 2, 467)
     , (2710, '2021-02-01', 2, 468)
     , (1490, '2021-02-22', 2, 469)
     , (1570, '2021-02-02', 1, 470)
     , (1440, '2021-02-09', 2, 472)
     , (970, '2021-02-03', 2, 474)
     , (3830, '2021-02-18', 1, 475)
     , (3390, '2021-02-22', 1, 476)
     , (2070, '2021-02-04', 1, 478)
     , (1360, '2021-02-07', 2, 481)
     , (1140, '2021-02-09', 1, 484)
     , (1320, '2021-02-20', 2, 486)
     , (870, '2021-02-23', 2, 487)
     , (820, '2021-02-08', 1, 488)
     , (1520, '2021-02-24', 2, 489)
     , (1180, '2021-02-26', 1, 490)
     , (210, '2021-02-14', 2, 492)
     , (980, '2021-02-02', 1, 495)
     , (800, '2021-02-13', 2, 496)
     , (3830, '2021-02-27', 1, 497)
     , (1860, '2021-02-04', 2, 498)
     , (200, '2021-02-27', 2, 499)
     , (1200, '2021-02-17', 1, 500)
     , (310, '2021-02-27', 2, 501)
     , (100, '2021-02-18', 2, 502)
     , (180, '2021-02-17', 2, 504)
     , (1300, '2021-02-06', 1, 505)
     , (1070, '2021-02-11', 2, 506)
     , (2910, '2021-02-03', 2, 507)
     , (480, '2021-02-12', 1, 508)
     , (90, '2021-02-24', 1, 509)
     , (1360, '2021-02-06', 2, 510)
     , (400, '2021-02-21', 2, 511)
     , (2220, '2021-02-20', 1, 513)
     , (710, '2021-02-05', 1, 514)
     , (1230, '2021-02-16', 1, 515)
     , (1460, '2021-02-14', 2, 516)
     , (2360, '2021-02-08', 2, 517)
     , (510, '2021-02-04', 1, 518)
     , (140, '2021-02-21', 2, 520)
     , (1080, '2021-02-26', 1, 521)
     , (330, '2021-02-16', 2, 522)
     , (1880, '2021-02-21', 2, 524)
     , (1090, '2021-02-24', 2, 526)
     , (2030, '2021-02-18', 2, 527)
     , (2650, '2021-02-07', 2, 529)
     , (240, '2021-02-06', 1, 530)
     , (300, '2021-02-16', 2, 531)
     , (940, '2021-02-15', 1, 532)
     , (280, '2021-02-07', 2, 533)
     , (1310, '2021-02-26', 2, 534)
     , (280, '2021-02-25', 1, 358)
     , (1170, '2021-02-25', 1, 359)
     , (480, '2021-02-13', 2, 360)
     , (40, '2021-02-12', 2, 361)
     , (100, '2021-02-12', 1, 362)
     , (60, '2021-02-14', 2, 364)
     , (1170, '2021-02-21', 1, 366)
     , (580, '2021-02-06', 1, 367)
     , (110, '2021-02-02', 2, 368)
     , (140, '2021-02-02', 1, 369)
     , (90, '2021-02-23', 1, 373)
     , (840, '2021-02-01', 1, 374)
     , (310, '2021-02-12', 2, 375)
     , (480, '2021-02-19', 2, 376)
     , (90, '2021-02-07', 1, 377)
     , (60, '2021-02-15', 1, 378)
     , (250, '2021-02-11', 2, 379)
     , (230, '2021-02-08', 1, 380)
     , (60, '2021-02-26', 1, 381)
     , (350, '2021-02-19', 1, 383)
     , (200, '2021-02-24', 1, 384)
     , (60, '2021-02-23', 1, 385)
     , (400, '2021-02-18', 1, 388)
     , (380, '2021-02-10', 1, 390)
     , (30, '2021-02-03', 1, 391)
     , (300, '2021-02-09', 1, 392)
     , (180, '2021-02-01', 1, 393)
     , (20, '2021-02-22', 1, 394)
     , (100, '2021-02-01', 1, 395)
     , (20, '2021-02-14', 1, 396)
     , (420, '2021-02-17', 1, 397)
     , (20, '2021-02-23', 2, 398)
     , (1360, '2021-02-11', 2, 399)
     , (130, '2021-02-07', 1, 400)
     , (60, '2021-02-19', 1, 401)
     , (80, '2021-02-07', 2, 403)
     , (240, '2021-02-08', 1, 404)
     , (540, '2021-02-17', 1, 405)
     , (130, '2021-02-22', 1, 406)
     , (230, '2021-02-13', 1, 407)
     , (1300, '2021-02-25', 2, 408)
     , (340, '2021-02-23', 2, 409)
     , (80, '2021-02-03', 1, 410)
     , (260, '2021-02-07', 2, 413)
     , (220, '2021-02-02', 2, 414)
     , (170, '2021-02-16', 2, 417)
     , (10, '2021-02-05', 1, 418)
     , (230, '2021-02-24', 2, 419)
     , (30, '2021-02-03', 1, 421)
     , (10, '2021-02-18', 1, 422)
     , (30, '2021-02-01', 1, 423)
     , (380, '2021-02-15', 2, 424)
     , (30, '2021-02-03', 2, 425)
     , (440, '2021-02-23', 1, 426)
     , (830, '2021-02-02', 2, 427)
     , (230, '2021-02-20', 1, 429)
     , (130, '2021-02-21', 2, 430)
     , (210, '2021-02-24', 1, 431)
     , (510, '2021-02-15', 2, 432)
     , (170, '2021-02-13', 2, 433)
     , (10, '2021-02-09', 1, 434)
     , (60, '2021-02-16', 1, 435)
     , (50, '2021-02-08', 2, 436)
     , (90, '2021-02-08', 2, 437)
     , (850, '2021-02-16', 1, 438)
     , (420, '2021-02-16', 1, 439)
     , (360, '2021-02-05', 2, 440)
     , (700, '2021-02-20', 2, 441)
     , (20, '2021-02-27', 1, 442)
     , (110, '2021-02-12', 1, 443)
     , (90, '2021-02-22', 1, 444)
     , (540, '2021-02-21', 1, 445)
     , (180, '2021-02-10', 2, 446)
     , (40, '2021-02-23', 1, 447)
     , (110, '2021-02-12', 1, 449)
     , (250, '2021-02-15', 2, 450)
     , (110, '2021-02-10', 1, 451)
     , (420, '2021-02-09', 1, 453)
     , (40, '2021-02-15', 1, 454)
     , (160, '2021-02-02', 2, 455)
     , (30, '2021-02-06', 1, 457)
     , (470, '2021-02-10', 1, 458)
     , (190, '2021-02-23', 2, 459)
     , (170, '2021-02-21', 2, 460)
     , (60, '2021-02-17', 2, 462)
     , (420, '2021-02-04', 1, 463)
     , (80, '2021-02-02', 2, 465)
     , (10, '2021-02-24', 2, 467)
     , (180, '2021-02-18', 2, 468)
     , (140, '2021-02-12', 2, 469)
     , (460, '2021-02-01', 1, 470)
     , (40, '2021-02-24', 2, 472)
     , (260, '2021-02-19', 2, 474)
     , (2000, '2021-02-26', 1, 475)
     , (490, '2021-02-05', 1, 476)
     , (100, '2021-02-15', 1, 478)
     , (180, '2021-02-10', 2, 481)
     , (540, '2021-02-07', 1, 484)
     , (200, '2021-02-12', 2, 486)
     , (20, '2021-02-27', 2, 487)
     , (350, '2021-02-26', 1, 488)
     , (30, '2021-02-26', 2, 489)
     , (230, '2021-02-08', 1, 490)
     , (640, '2021-02-14', 1, 495)
     , (110, '2021-02-11', 2, 496)
     , (330, '2021-02-10', 2, 498)
     , (130, '2021-02-24', 2, 499)
     , (340, '2021-02-10', 1, 500)
     , (150, '2021-02-11', 2, 502)
     , (150, '2021-02-11', 2, 504)
     , (800, '2021-02-12', 1, 505)
     , (250, '2021-02-13', 2, 506)
     , (2870, '2021-02-08', 2, 507)
     , (680, '2021-02-17', 1, 508)
     , (80, '2021-02-21', 1, 509)
     , (670, '2021-02-10', 2, 510)
     , (70, '2021-02-01', 2, 511)
     , (70, '2021-02-06', 1, 513)
     , (230, '2021-02-17', 1, 514)
     , (1090, '2021-02-25', 1, 515)
     , (1830, '2021-02-06', 2, 516)
     , (1980, '2021-02-09', 2, 517)
     , (220, '2021-02-05', 1, 518)
     , (220, '2021-02-26', 2, 520)
     , (390, '2021-02-25', 1, 521)
     , (480, '2021-02-23', 2, 526)
     , (420, '2021-02-23', 2, 527)
     , (380, '2021-02-09', 2, 529)
     , (90, '2021-02-22', 2, 531)
     , (610, '2021-02-10', 1, 532)
     , (420, '2021-02-02', 2, 533)
     , (1980, '2021-02-19', 2, 534)
     , (50, '2021-02-03', 1, 358)
     , (160, '2021-02-09', 1, 359)
     , (140, '2021-02-22', 2, 360)
     , (120, '2021-02-17', 1, 362)
     , (120, '2021-02-03', 2, 364)
     , (80, '2021-02-03', 1, 367)
     , (90, '2021-02-09', 2, 368)
     , (70, '2021-02-05', 1, 369)
     , (150, '2021-02-12', 1, 373)
     , (30, '2021-02-05', 1, 374)
     , (330, '2021-02-20', 2, 375)
     , (60, '2021-02-18', 2, 376)
     , (140, '2021-02-22', 1, 377)
     , (80, '2021-02-12', 1, 378)
     , (260, '2021-02-19', 2, 379)
     , (290, '2021-02-08', 1, 383)
     , (470, '2021-02-17', 1, 384)
     , (270, '2021-02-10', 1, 385)
     , (1440, '2021-02-18', 1, 390)
     , (70, '2021-02-18', 1, 395)
     , (20, '2021-02-18', 1, 397)
     , (90, '2021-02-24', 2, 398)
     , (450, '2021-02-04', 1, 400)
     , (180, '2021-02-09', 1, 404)
     , (320, '2021-02-14', 1, 405)
     , (150, '2021-02-14', 1, 406)
     , (100, '2021-02-05', 2, 408)
     , (1120, '2021-02-22', 2, 409)
     , (330, '2021-02-03', 2, 413)
     , (130, '2021-02-14', 2, 414)
     , (80, '2021-02-14', 2, 417)
     , (60, '2021-02-10', 1, 418)
     , (40, '2021-02-16', 2, 419)
     , (30, '2021-02-12', 1, 421)
     , (10, '2021-02-14', 1, 422)
     , (1830, '2021-02-11', 1, 423)
     , (70, '2021-02-23', 2, 424)
     , (80, '2021-02-26', 2, 425)
     , (150, '2021-02-23', 2, 427)
     , (50, '2021-02-25', 2, 430)
     , (40, '2021-02-27', 1, 431)
     , (180, '2021-02-13', 2, 433)
     , (40, '2021-02-01', 1, 434)
     , (120, '2021-02-18', 1, 435)
     , (530, '2021-02-18', 1, 438)
     , (230, '2021-02-01', 1, 439)
     , (580, '2021-02-26', 2, 440)
     , (400, '2021-02-27', 2, 441)
     , (480, '2021-02-09', 1, 442)
     , (410, '2021-02-05', 1, 443)
     , (190, '2021-02-01', 1, 444)
     , (1590, '2021-02-05', 1, 445)
     , (550, '2021-02-27', 1, 451)
     , (450, '2021-02-25', 1, 453)
     , (290, '2021-02-01', 1, 454)
     , (20, '2021-02-13', 2, 455)
     , (50, '2021-02-18', 2, 459)
     , (120, '2021-02-02', 2, 460)
     , (70, '2021-02-13', 2, 462)
     , (240, '2021-02-08', 1, 463)
     , (100, '2021-02-08', 2, 465)
     , (580, '2021-02-18', 2, 469)
     , (630, '2021-02-23', 2, 474)
     , (760, '2021-02-12', 1, 476)
     , (940, '2021-02-21', 1, 478)
     , (80, '2021-02-27', 2, 481)
     , (130, '2021-02-11', 2, 486)
     , (310, '2021-02-01', 2, 487)
     , (450, '2021-02-21', 1, 488)
     , (320, '2021-02-18', 2, 498)
     , (1070, '2021-02-10', 2, 510)
     , (430, '2021-02-23', 1, 521)
     , (220, '2021-02-15', 2, 526)
     , (1450, '2021-03-10', 2, 357)
     , (1100, '2021-03-08', 2, 358)
     , (190, '2021-03-17', 1, 359)
     , (1350, '2021-03-22', 1, 360)
     , (2240, '2021-03-08', 2, 361)
     , (1580, '2021-03-15', 1, 362)
     , (960, '2021-03-09', 1, 365)
     , (1690, '2021-03-07', 2, 366)
     , (170, '2021-03-29', 1, 367)
     , (800, '2021-03-29', 2, 368)
     , (6500, '2021-03-11', 1, 370)
     , (940, '2021-03-15', 1, 371)
     , (360, '2021-03-27', 2, 373)
     , (320, '2021-03-28', 2, 374)
     , (1390, '2021-03-09', 1, 376)
     , (1410, '2021-03-06', 1, 377)
     , (1230, '2021-03-09', 1, 378)
     , (1210, '2021-03-10', 2, 380)
     , (1050, '2021-03-27', 1, 381)
     , (330, '2021-03-03', 1, 382)
     , (820, '2021-03-07', 1, 385)
     , (1670, '2021-03-13', 1, 386)
     , (3430, '2021-03-14', 2, 388)
     , (1040, '2021-03-01', 1, 389)
     , (2380, '2021-03-17', 2, 390)
     , (2300, '2021-03-26', 2, 391)
     , (2050, '2021-03-26', 1, 392)
     , (990, '2021-03-28', 2, 394)
     , (1820, '2021-03-19', 1, 395)
     , (1010, '2021-03-04', 2, 397)
     , (1960, '2021-03-17', 2, 398)
     , (360, '2021-03-15', 2, 399)
     , (2840, '2021-03-10', 1, 400)
     , (2860, '2021-03-30', 1, 401)
     , (1310, '2021-03-11', 1, 402)
     , (1380, '2021-03-12', 2, 403)
     , (270, '2021-03-08', 2, 404)
     , (1090, '2021-03-29', 1, 405)
     , (520, '2021-03-21', 1, 406)
     , (1920, '2021-03-14', 1, 407)
     , (420, '2021-03-30', 2, 408)
     , (490, '2021-03-23', 1, 411)
     , (390, '2021-03-30', 2, 413)
     , (550, '2021-03-29', 2, 414)
     , (1530, '2021-03-28', 1, 415)
     , (560, '2021-03-23', 2, 416)
     , (770, '2021-03-24', 2, 417)
     , (1650, '2021-03-18', 2, 418)
     , (1050, '2021-03-29', 1, 419)
     , (500, '2021-03-20', 1, 420)
     , (1800, '2021-03-01', 2, 421)
     , (1360, '2021-03-28', 2, 422)
     , (760, '2021-03-06', 1, 424)
     , (460, '2021-03-25', 2, 426)
     , (3790, '2021-03-26', 1, 428)
     , (1930, '2021-03-18', 1, 429)
     , (750, '2021-03-15', 1, 430)
     , (1650, '2021-03-23', 1, 432)
     , (1750, '2021-03-25', 1, 434)
     , (1370, '2021-03-04', 2, 438)
     , (620, '2021-03-18', 2, 442)
     , (1180, '2021-03-01', 2, 443)
     , (1050, '2021-03-21', 1, 444)
     , (1150, '2021-03-01', 2, 445)
     , (2750, '2021-03-10', 1, 446)
     , (800, '2021-03-17', 2, 448)
     , (1440, '2021-03-12', 1, 449)
     , (1070, '2021-03-01', 1, 450)
     , (260, '2021-03-02', 1, 451)
     , (430, '2021-03-21', 1, 452)
     , (880, '2021-03-17', 1, 453)
     , (320, '2021-03-27', 1, 454)
     , (1730, '2021-03-04', 1, 456)
     , (380, '2021-03-20', 2, 458)
     , (1480, '2021-03-03', 2, 459)
     , (1430, '2021-03-10', 1, 460)
     , (420, '2021-03-09', 1, 461)
     , (860, '2021-03-05', 1, 462)
     , (1740, '2021-03-03', 1, 463)
     , (270, '2021-03-12', 2, 465)
     , (3080, '2021-03-30', 1, 466)
     , (1090, '2021-03-04', 2, 467)
     , (320, '2021-03-27', 1, 468)
     , (1810, '2021-03-29', 2, 469)
     , (2250, '2021-03-17', 2, 470)
     , (190, '2021-03-20', 2, 471)
     , (200, '2021-03-03', 1, 472)
     , (910, '2021-03-26', 2, 474)
     , (1150, '2021-03-26', 2, 476)
     , (790, '2021-03-05', 1, 477)
     , (2910, '2021-03-09', 1, 478)
     , (720, '2021-03-23', 2, 479)
     , (1370, '2021-03-09', 2, 481)
     , (1530, '2021-03-18', 1, 482)
     , (910, '2021-03-04', 2, 483)
     , (310, '2021-03-24', 2, 484)
     , (670, '2021-03-24', 1, 485)
     , (830, '2021-03-07', 2, 486)
     , (100, '2021-03-03', 2, 487)
     , (380, '2021-03-04', 1, 488)
     , (110, '2021-03-18', 2, 489)
     , (260, '2021-03-27', 1, 490)
     , (1350, '2021-03-18', 2, 491)
     , (440, '2021-03-03', 1, 493)
     , (1320, '2021-03-29', 1, 494)
     , (2420, '2021-03-17', 1, 495)
     , (1410, '2021-03-07', 2, 496)
     , (1450, '2021-03-29', 2, 497)
     , (190, '2021-03-05', 2, 499)
     , (3150, '2021-03-25', 1, 500)
     , (540, '2021-03-22', 2, 501)
     , (540, '2021-03-29', 2, 502)
     , (120, '2021-03-20', 2, 504)
     , (1150, '2021-03-28', 2, 506)
     , (2300, '2021-03-29', 1, 507)
     , (810, '2021-03-28', 2, 508)
     , (360, '2021-03-06', 2, 509)
     , (400, '2021-03-04', 1, 510)
     , (1650, '2021-03-29', 2, 511)
     , (820, '2021-03-04', 2, 512)
     , (230, '2021-03-30', 1, 513)
     , (5570, '2021-03-01', 2, 514)
     , (2040, '2021-03-15', 2, 515)
     , (810, '2021-03-06', 2, 516)
     , (540, '2021-03-20', 2, 517)
     , (1010, '2021-03-27', 2, 518)
     , (610, '2021-03-06', 1, 519)
     , (1450, '2021-03-18', 2, 520)
     , (440, '2021-03-04', 2, 521)
     , (2790, '2021-03-27', 2, 522)
     , (290, '2021-03-29', 1, 524)
     , (810, '2021-03-22', 2, 526)
     , (330, '2021-03-26', 2, 527)
     , (990, '2021-03-22', 1, 528)
     , (320, '2021-03-06', 1, 529)
     , (1070, '2021-03-27', 1, 530)
     , (560, '2021-03-26', 1, 532)
     , (870, '2021-03-09', 2, 533)
     , (1250, '2021-03-01', 2, 534)
     , (1120, '2021-03-13', 2, 357)
     , (550, '2021-03-29', 2, 358)
     , (340, '2021-03-24', 1, 360)
     , (440, '2021-03-26', 2, 361)
     , (170, '2021-03-08', 1, 362)
     , (280, '2021-03-02', 1, 365)
     , (620, '2021-03-30', 2, 366)
     , (300, '2021-03-13', 1, 370)
     , (550, '2021-03-24', 1, 371)
     , (1010, '2021-03-16', 2, 373)
     , (1810, '2021-03-26', 2, 374)
     , (240, '2021-03-09', 1, 376)
     , (270, '2021-03-23', 1, 377)
     , (1170, '2021-03-24', 1, 378)
     , (720, '2021-03-11', 2, 380)
     , (260, '2021-03-08', 1, 381)
     , (120, '2021-03-05', 1, 382)
     , (690, '2021-03-17', 1, 385)
     , (500, '2021-03-06', 1, 386)
     , (220, '2021-03-25', 2, 388)
     , (320, '2021-03-27', 1, 389)
     , (1350, '2021-03-16', 2, 390)
     , (190, '2021-03-11', 2, 391)
     , (940, '2021-03-02', 1, 392)
     , (200, '2021-03-08', 2, 394)
     , (1340, '2021-03-30', 1, 395)
     , (100, '2021-03-23', 2, 397)
     , (650, '2021-03-06', 2, 398)
     , (80, '2021-03-26', 2, 399)
     , (360, '2021-03-27', 1, 400)
     , (280, '2021-03-23', 1, 401)
     , (740, '2021-03-12', 1, 402)
     , (310, '2021-03-06', 2, 403)
     , (290, '2021-03-25', 2, 404)
     , (260, '2021-03-30', 1, 406)
     , (390, '2021-03-12', 1, 407)
     , (240, '2021-03-18', 1, 411)
     , (1130, '2021-03-21', 2, 413)
     , (80, '2021-03-10', 2, 414)
     , (250, '2021-03-02', 1, 415)
     , (480, '2021-03-25', 2, 416)
     , (610, '2021-03-06', 2, 417)
     , (670, '2021-03-28', 2, 418)
     , (860, '2021-03-01', 1, 419)
     , (120, '2021-03-16', 1, 420)
     , (360, '2021-03-09', 2, 422)
     , (150, '2021-03-20', 1, 424)
     , (140, '2021-03-16', 2, 426)
     , (2290, '2021-03-07', 1, 428)
     , (400, '2021-03-02', 1, 430)
     , (190, '2021-03-21', 1, 432)
     , (70, '2021-03-11', 1, 434)
     , (910, '2021-03-04', 2, 438)
     , (180, '2021-03-17', 2, 442)
     , (710, '2021-03-01', 2, 443)
     , (540, '2021-03-25', 1, 444)
     , (230, '2021-03-22', 2, 445)
     , (600, '2021-03-13', 1, 446)
     , (210, '2021-03-30', 2, 448)
     , (100, '2021-03-06', 1, 449)
     , (200, '2021-03-13', 1, 450)
     , (1030, '2021-03-21', 1, 451)
     , (820, '2021-03-15', 1, 453)
     , (300, '2021-03-10', 1, 454)
     , (540, '2021-03-01', 1, 456)
     , (340, '2021-03-26', 2, 458)
     , (1040, '2021-03-30', 2, 459)
     , (100, '2021-03-08', 1, 460)
     , (290, '2021-03-01', 1, 461)
     , (850, '2021-03-04', 1, 462)
     , (830, '2021-03-09', 1, 463)
     , (210, '2021-03-27', 2, 465)
     , (380, '2021-03-03', 1, 466)
     , (120, '2021-03-18', 2, 467)
     , (150, '2021-03-08', 1, 468)
     , (540, '2021-03-17', 2, 469)
     , (70, '2021-03-09', 2, 470)
     , (190, '2021-03-18', 1, 472)
     , (530, '2021-03-02', 2, 474)
     , (490, '2021-03-17', 2, 476)
     , (290, '2021-03-16', 1, 477)
     , (230, '2021-03-02', 1, 478)
     , (140, '2021-03-29', 2, 479)
     , (120, '2021-03-24', 2, 481)
     , (550, '2021-03-07', 1, 482)
     , (30, '2021-03-16', 2, 483)
     , (50, '2021-03-12', 2, 484)
     , (50, '2021-03-07', 1, 485)
     , (610, '2021-03-24', 2, 486)
     , (90, '2021-03-10', 2, 487)
     , (580, '2021-03-12', 1, 488)
     , (730, '2021-03-04', 1, 490)
     , (310, '2021-03-08', 2, 491)
     , (220, '2021-03-03', 1, 493)
     , (630, '2021-03-26', 1, 494)
     , (440, '2021-03-17', 1, 495)
     , (410, '2021-03-24', 2, 496)
     , (450, '2021-03-01', 2, 497)
     , (150, '2021-03-03', 2, 499)
     , (410, '2021-03-08', 1, 500)
     , (200, '2021-03-13', 2, 501)
     , (190, '2021-03-18', 2, 502)
     , (110, '2021-03-16', 2, 504)
     , (540, '2021-03-16', 2, 506)
     , (1470, '2021-03-08', 1, 507)
     , (260, '2021-03-30', 2, 508)
     , (680, '2021-03-15', 2, 509)
     , (750, '2021-03-30', 1, 510)
     , (1400, '2021-03-10', 2, 511)
     , (360, '2021-03-21', 2, 512)
     , (140, '2021-03-29', 1, 513)
     , (1200, '2021-03-15', 2, 514)
     , (250, '2021-03-09', 2, 515)
     , (120, '2021-03-09', 2, 516)
     , (200, '2021-03-11', 2, 517)
     , (870, '2021-03-19', 2, 518)
     , (510, '2021-03-14', 1, 519)
     , (450, '2021-03-01', 2, 520)
     , (180, '2021-03-30', 2, 521)
     , (280, '2021-03-26', 2, 522)
     , (210, '2021-03-27', 1, 524)
     , (290, '2021-03-04', 2, 526)
     , (630, '2021-03-09', 2, 527)
     , (270, '2021-03-01', 1, 528)
     , (280, '2021-03-18', 1, 529)
     , (720, '2021-03-17', 1, 530)
     , (300, '2021-03-07', 1, 532)
     , (920, '2021-03-24', 2, 533)
     , (2080, '2021-03-11', 2, 534)
     , (1330, '2021-03-27', 2, 357)
     , (920, '2021-03-27', 2, 361)
     , (1150, '2021-03-28', 1, 370)
     , (1340, '2021-03-08', 2, 374)
     , (690, '2021-03-26', 1, 376)
     , (950, '2021-03-19', 2, 398)
     , (850, '2021-03-07', 1, 402)
     , (1150, '2021-03-11', 2, 418)
     , (170, '2021-03-04', 1, 419)
     , (310, '2021-03-26', 1, 420)
     , (450, '2021-03-14', 2, 422)
     , (320, '2021-03-19', 1, 424)
     , (380, '2021-03-21', 2, 426)
     , (670, '2021-03-09', 1, 432)
     , (100, '2021-03-05', 1, 434)
     , (180, '2021-03-24', 2, 438)
     , (450, '2021-03-20', 2, 445)
     , (130, '2021-03-15', 1, 446)
     , (390, '2021-03-08', 2, 448)
     , (650, '2021-03-08', 1, 449)
     , (420, '2021-03-28', 1, 450)
     , (540, '2021-03-29', 1, 456)
     , (350, '2021-03-23', 2, 459)
     , (680, '2021-03-15', 1, 463)
     , (970, '2021-03-08', 1, 466)
     , (560, '2021-03-25', 2, 467)
     , (1040, '2021-03-28', 2, 469)
     , (1440, '2021-03-17', 2, 470)
     , (230, '2021-03-16', 2, 476)
     , (640, '2021-03-18', 1, 477)
     , (220, '2021-03-07', 1, 478)
     , (410, '2021-03-29', 2, 479)
     , (260, '2021-03-17', 1, 482)
     , (100, '2021-03-28', 2, 483)
     , (130, '2021-03-01', 2, 486)
     , (530, '2021-03-11', 1, 494)
     , (120, '2021-03-01', 2, 502)
     , (270, '2021-03-15', 2, 506)
     , (210, '2021-03-04', 1, 507)
     , (480, '2021-03-10', 2, 509)
     , (260, '2021-03-07', 2, 514)
     , (220, '2021-03-21', 2, 516)
     , (160, '2021-03-14', 1, 528)
     , (1000, '2021-03-13', 2, 533)
     , (1000, '2021-04-18', 1, 357)
     , (1630, '2021-04-13', 1, 358)
     , (560, '2021-04-05', 1, 360)
     , (580, '2021-04-14', 1, 361)
     , (930, '2021-04-02', 1, 363)
     , (810, '2021-04-10', 1, 364)
     , (2040, '2021-04-14', 2, 365)
     , (760, '2021-04-09', 1, 367)
     , (540, '2021-04-19', 1, 368)
     , (590, '2021-04-12', 1, 369)
     , (170, '2021-04-13', 1, 370)
     , (350, '2021-04-01', 2, 371)
     , (1720, '2021-04-01', 2, 373)
     , (1670, '2021-04-10', 1, 374)
     , (2270, '2021-04-17', 1, 375)
     , (100, '2021-04-17', 2, 376)
     , (1280, '2021-04-19', 2, 377)
     , (1200, '2021-04-11', 1, 378)
     , (940, '2021-04-04', 1, 379)
     , (1380, '2021-04-13', 1, 380)
     , (1720, '2021-04-04', 2, 381)
     , (650, '2021-04-09', 2, 383)
     , (550, '2021-04-17', 1, 384)
     , (160, '2021-04-15', 2, 385)
     , (2900, '2021-04-03', 2, 386)
     , (1210, '2021-04-04', 2, 387)
     , (140, '2021-04-18', 1, 388)
     , (170, '2021-04-04', 2, 389)
     , (1330, '2021-04-16', 1, 390)
     , (1450, '2021-04-01', 1, 391)
     , (660, '2021-04-20', 1, 393)
     , (4070, '2021-04-06', 2, 396)
     , (550, '2021-04-11', 2, 397)
     , (1300, '2021-04-13', 1, 398)
     , (110, '2021-04-15', 2, 399)
     , (780, '2021-04-09', 1, 400)
     , (2540, '2021-04-17', 2, 402)
     , (530, '2021-04-18', 2, 403)
     , (420, '2021-04-03', 2, 404)
     , (390, '2021-04-13', 2, 405)
     , (660, '2021-04-11', 1, 406)
     , (1590, '2021-04-09', 1, 407)
     , (1730, '2021-04-07', 2, 408)
     , (170, '2021-04-08', 1, 409)
     , (670, '2021-04-10', 1, 410)
     , (2790, '2021-04-05', 1, 411)
     , (1480, '2021-04-08', 2, 412)
     , (1170, '2021-04-11', 2, 413)
     , (1170, '2021-04-07', 1, 414)
     , (1450, '2021-04-14', 1, 415)
     , (700, '2021-04-06', 1, 417)
     , (340, '2021-04-06', 2, 418)
     , (1370, '2021-04-13', 1, 420)
     , (110, '2021-04-19', 1, 421)
     , (2090, '2021-04-03', 2, 422)
     , (110, '2021-04-04', 1, 423)
     , (270, '2021-04-02', 2, 424)
     , (1390, '2021-04-13', 2, 426)
     , (190, '2021-04-19', 1, 427)
     , (930, '2021-04-05', 1, 429)
     , (870, '2021-04-17', 1, 430)
     , (510, '2021-04-05', 2, 432)
     , (2380, '2021-04-10', 2, 433)
     , (1650, '2021-04-05', 2, 434)
     , (1930, '2021-04-19', 1, 435)
     , (1310, '2021-04-12', 1, 436)
     , (1660, '2021-04-02', 1, 437)
     , (1550, '2021-04-13', 1, 439)
     , (1100, '2021-04-14', 1, 440)
     , (3080, '2021-04-11', 2, 441)
     , (280, '2021-04-12', 2, 442)
     , (3310, '2021-04-12', 1, 443)
     , (2830, '2021-04-05', 2, 444)
     , (1410, '2021-04-19', 2, 445)
     , (2800, '2021-04-11', 1, 446)
     , (890, '2021-04-19', 1, 447)
     , (650, '2021-04-13', 1, 452)
     , (2350, '2021-04-17', 1, 453)
     , (2450, '2021-04-04', 2, 455)
     , (130, '2021-04-03', 2, 457)
     , (1790, '2021-04-18', 1, 458)
     , (1600, '2021-04-17', 2, 459)
     , (970, '2021-04-16', 2, 461)
     , (1640, '2021-04-17', 1, 462)
     , (810, '2021-04-11', 1, 463)
     , (1850, '2021-04-04', 1, 464)
     , (1370, '2021-04-16', 1, 465)
     , (4380, '2021-04-19', 1, 466)
     , (1640, '2021-04-18', 1, 467)
     , (1060, '2021-04-14', 2, 468)
     , (900, '2021-04-09', 1, 471)
     , (650, '2021-04-07', 2, 472)
     , (2170, '2021-04-03', 1, 473)
     , (340, '2021-04-03', 2, 476)
     , (1390, '2021-04-05', 1, 477)
     , (720, '2021-04-08', 2, 479)
     , (2010, '2021-04-16', 1, 481)
     , (270, '2021-04-19', 2, 482)
     , (2490, '2021-04-11', 1, 483)
     , (5520, '2021-04-13', 1, 484)
     , (4070, '2021-04-07', 2, 485)
     , (730, '2021-04-10', 1, 487)
     , (1900, '2021-04-17', 1, 488)
     , (2570, '2021-04-06', 2, 489)
     , (240, '2021-04-03', 1, 490)
     , (90, '2021-04-15', 1, 491)
     , (420, '2021-04-17', 2, 492)
     , (1590, '2021-04-12', 1, 495)
     , (880, '2021-04-18', 2, 496)
     , (2740, '2021-04-01', 1, 497)
     , (2420, '2021-04-11', 2, 498)
     , (900, '2021-04-02', 2, 499)
     , (200, '2021-04-20', 2, 500)
     , (570, '2021-04-20', 2, 502)
     , (1450, '2021-04-14', 1, 503)
     , (2590, '2021-04-11', 2, 504)
     , (1240, '2021-04-12', 2, 505)
     , (1770, '2021-04-03', 1, 506)
     , (2160, '2021-04-10', 2, 507)
     , (1940, '2021-04-01', 1, 509)
     , (1040, '2021-04-03', 1, 510)
     , (4860, '2021-04-09', 1, 511)
     , (1310, '2021-04-15', 1, 512)
     , (1650, '2021-04-05', 1, 513)
     , (770, '2021-04-09', 2, 514)
     , (1840, '2021-04-10', 2, 516)
     , (1550, '2021-04-06', 1, 517)
     , (1310, '2021-04-01', 2, 518)
     , (960, '2021-04-13', 2, 520)
     , (1030, '2021-04-17', 2, 521)
     , (1200, '2021-04-12', 1, 522)
     , (860, '2021-04-05', 2, 523)
     , (810, '2021-04-08', 2, 525)
     , (620, '2021-04-11', 1, 526)
     , (2820, '2021-04-20', 1, 528)
     , (1540, '2021-04-12', 2, 529)
     , (2750, '2021-04-03', 1, 530)
     , (650, '2021-04-15', 2, 531)
     , (1850, '2021-04-19', 1, 533)
     , (520, '2021-04-18', 2, 534)
     , (950, '2021-04-08', 1, 357)
     , (1150, '2021-04-20', 1, 358)
     , (360, '2021-04-04', 1, 360)
     , (370, '2021-04-13', 1, 361)
     , (270, '2021-04-16', 1, 363)
     , (770, '2021-04-10', 1, 364)
     , (850, '2021-04-08', 2, 365)
     , (350, '2021-04-15', 1, 367)
     , (250, '2021-04-17', 1, 368)
     , (100, '2021-04-02', 1, 369)
     , (160, '2021-04-19', 1, 370)
     , (260, '2021-04-04', 2, 371)
     , (350, '2021-04-16', 2, 373)
     , (930, '2021-04-18', 1, 374)
     , (2480, '2021-04-20', 1, 375)
     , (780, '2021-04-18', 2, 377)
     , (1220, '2021-04-16', 1, 378)
     , (420, '2021-04-19', 1, 379)
     , (180, '2021-04-15', 2, 381)
     , (120, '2021-04-09', 2, 383)
     , (390, '2021-04-19', 1, 384)
     , (160, '2021-04-20', 2, 385)
     , (280, '2021-04-03', 2, 386)
     , (270, '2021-04-02', 2, 387)
     , (50, '2021-04-16', 1, 388)
     , (130, '2021-04-20', 2, 389)
     , (1180, '2021-04-09', 1, 390)
     , (160, '2021-04-07', 1, 391)
     , (220, '2021-04-05', 1, 393)
     , (1600, '2021-04-14', 2, 396)
     , (250, '2021-04-11', 2, 397)
     , (660, '2021-04-06', 1, 398)
     , (30, '2021-04-08', 2, 399)
     , (1120, '2021-04-18', 1, 400)
     , (1280, '2021-04-09', 2, 402)
     , (370, '2021-04-20', 2, 403)
     , (230, '2021-04-04', 2, 404)
     , (150, '2021-04-06', 2, 405)
     , (340, '2021-04-19', 1, 406)
     , (450, '2021-04-20', 1, 407)
     , (820, '2021-04-10', 2, 408)
     , (150, '2021-04-05', 1, 409)
     , (830, '2021-04-15', 1, 410)
     , (2190, '2021-04-02', 1, 411)
     , (440, '2021-04-04', 2, 412)
     , (1100, '2021-04-07', 2, 413)
     , (140, '2021-04-17', 1, 414)
     , (1570, '2021-04-13', 1, 415)
     , (270, '2021-04-05', 1, 417)
     , (330, '2021-04-10', 2, 418)
     , (750, '2021-04-05', 1, 420)
     , (60, '2021-04-17', 1, 421)
     , (1120, '2021-04-14', 2, 422)
     , (250, '2021-04-04', 2, 424)
     , (360, '2021-04-05', 2, 426)
     , (170, '2021-04-12', 1, 427)
     , (310, '2021-04-13', 1, 429)
     , (240, '2021-04-17', 1, 430)
     , (250, '2021-04-13', 2, 432)
     , (730, '2021-04-13', 2, 433)
     , (360, '2021-04-16', 2, 434)
     , (860, '2021-04-09', 1, 435)
     , (750, '2021-04-12', 1, 436)
     , (1970, '2021-04-17', 1, 437)
     , (970, '2021-04-13', 1, 440)
     , (950, '2021-04-07', 2, 441)
     , (250, '2021-04-16', 2, 442)
     , (1950, '2021-04-17', 2, 444)
     , (300, '2021-04-11', 2, 445)
     , (490, '2021-04-14', 2, 468)
     , (430, '2021-04-10', 1, 471)
     , (970, '2021-04-09', 2, 472)
     , (2780, '2021-04-20', 1, 473)
     , (710, '2021-04-13', 1, 477)
     , (630, '2021-04-15', 2, 479)
     , (750, '2021-04-19', 1, 481)
     , (30, '2021-04-02', 2, 482)
     , (1520, '2021-04-16', 1, 483)
     , (780, '2021-04-08', 1, 484)
     , (530, '2021-04-19', 1, 487)
     , (1350, '2021-04-10', 1, 488)
     , (300, '2021-04-08', 2, 489)
     , (90, '2021-04-03', 1, 490)
     , (60, '2021-04-04', 1, 491)
     , (180, '2021-04-20', 2, 492)
     , (560, '2021-04-19', 1, 495)
     , (290, '2021-04-15', 2, 496)
     , (240, '2021-04-16', 1, 497)
     , (1020, '2021-04-15', 2, 498)
     , (330, '2021-04-05', 2, 499)
     , (60, '2021-04-20', 2, 500)
     , (140, '2021-04-09', 2, 502)
     , (460, '2021-04-20', 1, 503)
     , (290, '2021-04-18', 2, 505)
     , (1110, '2021-04-06', 1, 506)
     , (790, '2021-04-12', 2, 507)
     , (1430, '2021-04-05', 1, 509)
     , (470, '2021-04-11', 1, 510)
     , (640, '2021-04-11', 1, 511)
     , (700, '2021-04-02', 1, 512)
     , (480, '2021-04-06', 1, 513)
     , (260, '2021-04-12', 2, 514)
     , (1030, '2021-04-20', 2, 516)
     , (1030, '2021-04-07', 1, 517)
     , (180, '2021-04-09', 2, 518)
     , (370, '2021-04-10', 2, 520)
     , (150, '2021-04-10', 2, 521)
     , (300, '2021-04-11', 1, 522)
     , (290, '2021-04-07', 2, 523)
     , (330, '2021-04-13', 2, 525)
     , (260, '2021-04-04', 1, 526)
     , (670, '2021-04-13', 1, 528)
     , (210, '2021-04-12', 2, 529)
     , (880, '2021-04-15', 2, 373)
     , (1030, '2021-04-16', 1, 379)
     , (820, '2021-04-13', 2, 386)
     , (1300, '2021-04-02', 1, 390)
     , (270, '2021-04-09', 1, 393)
     , (780, '2021-04-12', 1, 407)
     , (1580, '2021-04-01', 1, 411)
     , (320, '2021-04-01', 2, 418)
     , (600, '2021-04-04', 2, 422)
     , (2000, '2021-04-11', 2, 444)
     , (910, '2021-04-04', 1, 471)
     , (1230, '2021-04-16', 2, 472)
     , (2110, '2021-04-20', 1, 473)
     , (570, '2021-04-15', 1, 481)
     , (440, '2021-04-01', 1, 484)
     , (290, '2021-04-16', 1, 488)
     , (310, '2021-04-08', 2, 502)
     , (350, '2021-04-16', 2, 505)
     , (1510, '2021-04-16', 2, 507)
     , (1880, '2021-04-20', 1, 511)
     , (1000, '2021-04-15', 1, 517)
     , (470, '2021-04-10', 1, 528);
