INSERT INTO manufacture.public.department
    (id, name)
VALUES (1, 'Цех №1'),
       (2, 'Цех №2');

INSERT INTO manufacture.public.employee
    (id, name, surname, patronymic, role, description, login, password)
VALUES ('1', 'Алексей', 'Степанов', 'Андреевич', 2, 'Снабжение', 'alekseyStepanov', '2222'),
       ('2', 'Петр', 'Коваль', 'Илларионович', 2, 'Снабжение', 'petrKoval', '6666'),
       ('3', 'Жанна', 'Василюк', 'Геннадьевна', 1, 'Бухгалтер', 'jannaVasiluk', '1111'),
       ('4', 'Лариса', 'Бортник', 'Антоновна', 3, 'Кладовщик', 'larisaBortnik', '3333'),
       ('5', 'Виктор', 'Береста', 'Андреевич', 4, 'Мастер цеха', 'viktorBeresta', '4444'),
       ('6', 'Вячеслав', 'Строчук', 'Константинович', 3, 'Кладовщик', 'viacheslavStrochuk', '5555'),
       ('7', 'Светлана', 'Гарбар', 'Валерьевна', 4, 'Мастер цеха', 'svetlanaGarbar', '7777');

INSERT INTO manufacture.public.product_type
    (id, name)
VALUES (1, 'поковка'),
       (2, 'литье'),
       (3, 'метизы'),
       (4, 'плазменная резка'),
       (5, 'полуфабрикаты'),
       (6, 'прочее');

INSERT INTO manufacture.public.provider
    (id, name)
VALUES (1, 'ОАО Молот'),
       (2, 'ООО Барановичский кузнечный завод'),
       (3, 'ОАО Могилевский Ударник'),
       (4, 'ОАО Завод тяжелых штамповок'),
       (5, 'ООО Минский автоагрегатный завод'),
       (6, 'ТЧУП Белорусские метизы'),
       (7, 'ИП Самойлов М.М.'),
       (8, 'УЧНПП Техноэра'),
       (9, 'ТЧУП МетизОптТорг'),
       (10, 'ООО ТрэйдСервис'),
       (11, 'ОАО Речицкий СПАЗ');

INSERT INTO manufacture.public.product
    (name, manager_id, provider_id, product_type_id)
VALUES ('БОБЫШКА НКМ 204.017', 1, 1, 1),
       ('БОБЫШКА НКМ 204.018', 1, 1, 1),
       ('БОБЫШКА ДУ 17.00.244', 1, 1, 1),
       ('БОБЫШКА ДУ 17.00.245', 1, 1, 1),
       ('БОБЫШКА ДУ 17.00.246', 1, 1, 1),
       ('БОЛТ М10-6gх16.68.016', 2, 6, 3),
       ('БОЛТ М10-6gх20.45Н.016', 2, 7, 3),
       ('БОЛТ М10-6gх25.45Н.016', 2, 7, 3),
       ('БОЛТ М12-6gх20.45Н.016', 2, 7, 3),
       ('БОЛТ М6-6gх16.45Н.016', 2, 7, 3),
       ('БОЛТ М6-6gх20.45Н.016', 2, 6, 3),
       ('БОЛТ М8-6gх20.58', 2, 6, 3),
       ('БОЛТ М8-6gх25.45Н.016', 2, 6, 3),
       ('БОЛТ М8-6gх25.58', 2, 6, 3),
       ('БОЛТ М8-6gх40.45Н.016', 2, 6, 3),
       ('ВИНТ М10-6gх10.14Н', 2, 6, 3),
       ('ВИНТ М10-6gх12.14Н.016', 2, 7, 3),
       ('ВИНТ М10-6gх16.14Н', 2, 6, 3),
       ('ВИНТ М10-6gх20.14Н.016', 2, 7, 3),
       ('ВИНТ М10-6gх30.14Н.016', 2, 6, 3),
       ('ВИНТ М12-6gх16.12.35.016', 2, 6, 3),
       ('ВИНТ М12-6gх20.12.35.016', 2, 6, 3),
       ('ВИНТ М16-6gх30.14Н.016', 2, 10, 3),
       ('ВИНТ М4-6gх12.45Н.05', 2, 6, 3),
       ('ВИНТ М5-6gх10.58.019', 2, 6, 3),
       ('ВИНТ М6-6gх16.45Н.05', 2, 10, 3),
       ('ВИНТ М8-6gх10.45Н.05', 2, 10, 3),
       ('ВИНТ М8-6gх16.14Н', 2, 10, 3),
       ('ВИНТ М8-6gх20.14Н.016', 2, 6, 3),
       ('ВИНТ М8-6gх25.14Н.016', 2, 10, 3),
       ('ВИНТ М8-6gх30.48', 2, 6, 3),
       ('ВИНТ М8-6gх8.45Н.016', 2, 6, 3),
       ('ВТУЛКА SF-1 4540 (45х50х40)', 1, 10, 3),
       ('ВТУЛКА SF-1 6040 (60х65х40)', 2, 10, 3),
       ('ВТУЛКА SF-1 7040 (70х75х40)', 2, 10, 3),
       ('ВТУЛКА SF-2 5560 (55х60х60)', 1, 10, 3),
       ('ВТУЛКА SF-2 70100 (70х75х100)', 2, 10, 3),
       ('ГАЙКА М12-6Н.6.019', 2, 6, 3),
       ('ГАЙКА М12х1.5', 2, 6, 3),
       ('ГАЙКА М14х1.5', 2, 6, 3),
       ('ГАЙКА М16х1.5', 2, 6, 3),
       ('ГАЙКА М18х2', 2, 6, 3),
       ('ГАЙКА М20х1.5', 2, 7, 3),
       ('ГАЙКА М20х2', 2, 7, 3),
       ('ГАЙКА М24х2-6Н', 2, 7, 3),
       ('ГАЙКА М27х2-6Н', 2, 6, 3),
       ('ГАЙКА М30х2-6Н', 2, 6, 3),
       ('ГАЙКА М8-6Н.05.10Х', 2, 6, 3),
       ('ГАЙКА НИЗКАЯ М20х1.5', 2, 6, 2),
       ('ГАЙКА НИЗКАЯ М27х2-05', 2, 6, 3),
       ('ГОЛОВКА 114703-09450-000', 1, 3, 1),
       ('ГОЛОВКА 114703-09450-020', 1, 3, 1),
       ('ГОЛОВКА 1147-09450', 1, 3, 1),
       ('ГОЛОВКА ОПОРЫ К944-09450-20', 1, 3, 1),
       ('ГРЯЗЕСЪЕМНИК 4412А-35350046', 1, 7, 6),
       ('ГРЯЗЕСЪЕМНИК 4412А-35350047', 1, 7, 6),
       ('ДНИЩЕ 114703-09450-025', 1, 1, 2),
       ('ДНИЩЕ 1147-8603526', 1, 1, 2),
       ('ДНО 820-4625012', 1, 1, 2),
       ('КОЛЬЦО К944-1147445', 1, 8, 6),
       ('КОЛЬЦО К944-1147446', 1, 8, 6),
       ('КОЛЬЦО К944-1147447', 1, 8, 6),
       ('КОЛЬЦО К944-1147448', 1, 8, 6),
       ('КОЛЬЦО К944-8603541', 1, 8, 6),
       ('КОЛЬЦО К944-8603656', 1, 8, 6),
       ('КОЛЬЦО К944-8603658', 1, 8, 6),
       ('КОЛЬЦО СТОПОРНОЕ 14.01-8603659', 1, 9, 5),
       ('КОЛЬЦО СТОПОРНОЕ 14.01-8603659', 2, 9, 5),
       ('КОЛЬЦО СТОПОРНОЕ 14.01-8603661', 1, 9, 5),
       ('КОЛЬЦО СТОПОРНОЕ 14.01-8603661', 2, 9, 5),
       ('КОРПУС ШАРНИРА 101-3405205', 2, 4, 2),
       ('КОРПУС ШАРНИРА 120320-20', 2, 4, 2),
       ('КРОНШТЕЙН 110.20.002', 1, 3, 1),
       ('КРОНШТЕЙН 210.20.002', 1, 3, 1),
       ('КРОНШТЕЙН 456.10.012', 1, 3, 1),
       ('КРОНШТЕЙН 526.02.105', 1, 3, 1),
       ('КРОНШТЕЙН 944-33035-01', 1, 3, 1),
       ('КРОНШТЕЙН К-09А.06.01.102', 1, 3, 2),
       ('КРОНШТЕЙН К-09А.06.01.202', 1, 3, 2),
       ('КРЫШКА 09-24015', 2, 4, 1),
       ('КРЫШКА 09-24016', 2, 4, 1),
       ('КРЫШКА 09-24016-01', 2, 4, 1),
       ('КРЫШКА ЗАДНЯЯ 140.02.001', 2, 2, 2),
       ('КРЫШКА ЗАДНЯЯ 244.00.001', 2, 2, 2),
       ('КРЫШКА ЗАДНЯЯ 450.01.001', 2, 2, 2),
       ('КРЫШКА ЗАДНЯЯ Н944-8505314', 2, 2, 2),
       ('КРЫШКА ЗАДНЯЯ НВ10-9434017', 2, 2, 2),
       ('КРЫШКА ЗАДНЯЯ НВ10-9434018', 2, 2, 2),
       ('КРЫШКА ЗАДНЯЯ НВ20-9434017', 2, 2, 2),
       ('КРЫШКА ЗАДНЯЯ НКМ 40.402', 2, 2, 2),
       ('КРЫШКА ЗАДНЯЯ НКМ 63.410', 2, 2, 2),
       ('КРЫШКА ПЕРЕДНЯЯ Н944-8505316-01', 2, 2, 2),
       ('МАСЛЕНКА 1.1.Ц6', 2, 1, 6),
       ('МАСЛЕНКА 1.2.Ц6', 2, 1, 6),
       ('МАСЛЕНКА 2.2.45.Ц6', 2, 1, 6),
       ('МАСЛЕНКА 2.3.45.Ц6', 2, 1, 6),
       ('НАПРАВЛЯЮЩАЯ ВЕРХНЯЯ НВ7488-100521-010', 1, 1, 5),
       ('НАПРАВЛЯЮЩАЯ ВЕРХНЯЯ НВ7488-100521-011', 1, 1, 5),
       ('НАПРАВЛЯЮЩАЯ ВЕРХНЯЯ НВ7488-100521-012', 1, 1, 5),
       ('НАПРАВЛЯЮЩАЯ ВЕРХНЯЯ НВ7488-100521-013', 1, 1, 5),
       ('НАПРАВЛЯЮЩАЯ ВЕРХНЯЯ НВ7488-100521-014', 1, 1, 5),
       ('НАПРАВЛЯЮЩАЯ ВЕРХНЯЯ НВ7488-100521-015', 1, 1, 5),
       ('ОПОРА 5516-8603593', 1, 1, 1),
       ('ОПОРА 5516-8603594', 1, 1, 1),
       ('ОПОРА К944-8603594', 1, 1, 1),
       ('ПЕРЕХОДНИК К944-8603562-10', 2, 5, 6),
       ('ПЕРЕХОДНИК К944-8603562-20', 2, 5, 6),
       ('ПОЛУКОЛЬЦО НАПРАВЛЯЮЩЕЕ 19НВ-8603', 1, 1, 5),
       ('ПОЛУКОЛЬЦО НАПРАВЛЯЮЩЕЕ 19НВ-8604', 1, 1, 5),
       ('ПОЛУКОЛЬЦО НАПРАВЛЯЮЩЕЕ 19НВ-8605', 1, 1, 5),
       ('ПОЛУКОЛЬЦО НАПРАВЛЯЮЩЕЕ 19НВ-8606', 1, 1, 5),
       ('ПОЛУКОЛЬЦО НАПРАВЛЯЮЩЕЕ 19НВ-8607', 1, 1, 5),
       ('ПОЛУКОЛЬЦО НАПРАВЛЯЮЩЕЕ 19НВ-8608', 1, 1, 5),
       ('ПРОКЛАДКА 10М3', 2, 9, 3),
       ('ПРОКЛАДКА 18М3', 2, 9, 3),
       ('ПРОКЛАДКА 20М3', 2, 9, 3),
       ('ПРОУШИНА 110.01.003', 1, 11, 4),
       ('ПРОУШИНА 240.12.001', 1, 11, 4),
       ('ПРОУШИНА 336.01.007', 1, 11, 4),
       ('ПРОУШИНА 388.12.002', 1, 11, 4),
       ('ПРОУШИНА 388.12.003', 1, 11, 4),
       ('ПРОУШИНА 388.17.001', 1, 5, 4),
       ('ПРОУШИНА 388.17.002', 1, 5, 4),
       ('ПРОУШИНА 500.11.012', 1, 5, 4),
       ('ПРОУШИНА 500.11.013', 1, 5, 4),
       ('ПРОУШИНА 555.10.001', 1, 5, 4),
       ('ПРОУШИНА 559.03.012', 1, 5, 4),
       ('ПРОУШИНА SS30N', 1, 10, 5),
       ('ПРОУШИНА SS30T', 1, 10, 5),
       ('ПРОУШИНА НКМ 905.025', 1, 11, 4),
       ('ПРОУШИНА НКМ 905.039', 1, 11, 4),
       ('ПРОУШИНА НКМ 905.056', 1, 11, 4),
       ('ПРОУШИНА НКМ 905.057', 1, 11, 4),
       ('ПРОУШИНА НКМ 905.059-01', 1, 11, 4),
       ('ПРОУШИНА НКМ 905.065-01', 1, 11, 4),
       ('ПРОУШИНА НКМ 905.075', 1, 11, 4),
       ('ПРОУШИНА НКМ 905.093-04', 1, 11, 4),
       ('ПРОУШИНА НКМ 905.093-05', 1, 11, 4),
       ('ПРОУШИНА НКМ 905.126', 1, 11, 4),
       ('ПРУЖИНА 500Н-17.01.234', 2, 9, 3),
       ('ПРУЖИНА 500Н-17.17.234', 2, 9, 3),
       ('ПРУЖИНА 500Н-17.17.235', 2, 9, 3),
       ('ПРУЖИНА 597.00.005', 2, 9, 3),
       ('ПРУЖИНА 597.02.004', 2, 9, 3),
       ('ПРУЖИНА 848.03.003', 2, 9, 3),
       ('ПРУЖИНА К944-8603593', 2, 9, 3),
       ('СУХАРЬ 944-4003015', 1, 5, 5),
       ('СУХАРЬ 944-4003016', 1, 5, 5),
       ('УГОЛЬНИК 105807.1', 1, 8, 3),
       ('УГОЛЬНИК 105808.1', 1, 8, 3),
       ('УГОЛЬНИК 105809.1', 1, 8, 3),
       ('ЦАПФА 3312-0733.205', 1, 2, 1),
       ('ЦАПФА 3312-0733.206', 1, 2, 1),
       ('ЦАПФА 3312-0733.206-01', 1, 2, 1),
       ('ШАЙБА 12Н', 2, 6, 3),
       ('ШАЙБА 12ОТ', 2, 6, 3),
       ('ШАЙБА 20Н', 2, 6, 3),
       ('ШАЙБА 6Т', 2, 6, 3),
       ('ШАЙБА 8ОТ', 2, 6, 3),
       ('ШАЙБА 8Т', 2, 6, 3),
       ('ШПИЛЬКА М10-6gх20.66', 2, 10, 3),
       ('ШПИЛЬКА М20-6gх30.66', 2, 10, 3),
       ('ШПЛИНТ 4х40.019', 2, 6, 3),
       ('ШПЛИНТ 6.3х100.016', 2, 6, 3),
       ('ШПЛИНТ 6.3х63.016', 2, 7, 3),
       ('ШТИФТ 10х16', 2, 6, 3),
       ('ШТИФТ 10х20', 2, 6, 3),
       ('ШТИФТ 10х45', 2, 6, 3),
       ('ШТИФТ 10х50', 2, 6, 3),
       ('ШТИФТ 10х65', 2, 6, 3),
       ('ШТИФТ 12х60', 2, 6, 3),
       ('ШТИФТ 8х16', 2, 6, 3),
       ('ШТОК К100х180.01', 1, 4, 1),
       ('ШТОК К80х180.01', 1, 4, 1),
       ('ШТОК Н1535-003441', 1, 4, 1),
       ('ШТОК Н1535-003441-01', 1, 4, 1),
       ('ШТОК ТУ-2.15.001', 1, 4, 1),
       ('ШТОК ТУ-2.15.101', 1, 4, 1);

INSERT INTO manufacture.public.arrival
    (doc, count, date, product_id, price, user_id)
VALUES ('2201129', 150, '2021-01-07', 363, 0.34, 3)
     , ('2280657', 890, '2021-01-07', 453, 34.5, 7)
     , ('3295482', 930, '2021-01-07', 505, 2, 3)
     , ('3378657', 1090, '2021-01-07', 359, 0.03, 3)
     , ('2451784', 180, '2021-01-07', 502, 1.01, 3)
     , ('2399979', 1260, '2021-01-07', 378, 12.48, 3)
     , ('3915199', 610, '2021-01-07', 400, 31, 3)
     , ('4210895', 380, '2021-01-07', 455, 24.65, 7)
     , ('2968698', 1550, '2021-01-07', 435, 0.35, 7)
     , ('4346545', 1930, '2021-01-07', 426, 38.63, 7)
     , ('4311096', 410, '2021-01-07', 419, 14.65, 7)
     , ('4011795', 1000, '2021-01-07', 384, 6.34, 3)
     , ('2783125', 390, '2021-01-07', 410, 0.03, 7)
     , ('4635287', 1610, '2021-01-08', 527, 1.59, 7)
     , ('4283180', 750, '2021-01-08', 497, 0.64, 7)
     , ('2843062', 240, '2021-01-08', 504, 0.64, 7)
     , ('2185987', 220, '2021-01-08', 492, 7.64, 7)
     , ('2145064', 980, '2021-01-08', 510, 9.55, 7)
     , ('3114769', 200, '2021-01-08', 384, 21.5, 7)
     , ('2704870', 1100, '2021-01-08', 408, 21.34, 3)
     , ('3896390', 1920, '2021-01-08', 383, 0.05, 3)
     , ('2881598', 230, '2021-01-08', 468, 4.6, 7)
     , ('2034865', 480, '2021-01-08', 441, 3.48, 3)
     , ('4101035', 960, '2021-01-08', 368, 32.45, 3)
     , ('2933566', 1070, '2021-01-08', 529, 1.64, 3)
     , ('4569161', 1940, '2021-01-08', 516, 14.56, 7)
     , ('3729613', 380, '2021-01-08', 441, 2.5, 3)
     , ('3891533', 630, '2021-01-09', 532, 27.45, 3)
     , ('3638562', 580, '2021-01-09', 376, 17.8, 3)
     , ('2135860', 570, '2021-01-09', 511, 0.48, 3)
     , ('2833918', 920, '2021-01-09', 526, 0.7, 3)
     , ('4580733', 1280, '2021-01-09', 417, 0.14, 7)
     , ('3088934', 200, '2021-01-09', 509, 7.56, 7)
     , ('4257719', 540, '2021-01-09', 459, 19, 7)
     , ('3564305', 1670, '2021-01-09', 481, 0.04, 7)
     , ('2356922', 130, '2021-01-09', 459, 0.02, 3)
     , ('4597633', 1060, '2021-01-09', 431, 14.4, 7)
     , ('2980557', 490, '2021-01-09', 465, 1.79, 7)
     , ('2289805', 630, '2021-01-09', 496, 1.01, 7)
     , ('4083530', 1610, '2021-01-09', 476, 1.12, 7)
     , ('3796177', 360, '2021-01-09', 449, 38.45, 7)
     , ('4292437', 120, '2021-01-09', 445, 2, 7)
     , ('4228597', 690, '2021-01-09', 475, 1.4, 7)
     , ('3580895', 970, '2021-01-09', 441, 24.65, 3)
     , ('2251987', 1980, '2021-01-10', 423, 32.45, 3)
     , ('2570602', 280, '2021-01-10', 436, 4.6, 7)
     , ('3187522', 430, '2021-01-10', 462, 0.14, 3)
     , ('3861702', 120, '2021-01-10', 478, 6.34, 3)
     , ('2419268', 670, '2021-01-10', 401, 0.5, 7)
     , ('2519882', 730, '2021-01-10', 470, 0.84, 7)
     , ('4634845', 1970, '2021-01-10', 427, 27.6, 7)
     , ('3854083', 1940, '2021-01-10', 488, 0.06, 3)
     , ('2396486', 680, '2021-01-10', 359, 0.03, 3)
     , ('3600073', 180, '2021-01-10', 469, 0.01, 7)
     , ('2848815', 1730, '2021-01-10', 366, 25.9, 3)
     , ('3787625', 130, '2021-01-11', 470, 0.02, 7)
     , ('3402414', 160, '2021-01-11', 457, 13.07, 3)
     , ('2465230', 1860, '2021-01-11', 438, 2.01, 7)
     , ('4371112', 170, '2021-01-11', 475, 2.76, 7)
     , ('2333692', 780, '2021-01-11', 441, 3.5, 3)
     , ('2854536', 440, '2021-01-11', 520, 19, 3)
     , ('4460413', 1600, '2021-01-11', 437, 2.01, 3)
     , ('2727918', 1310, '2021-01-11', 508, 29.6, 3)
     , ('3945544', 730, '2021-01-11', 417, 39, 3)
     , ('4199770', 790, '2021-01-11', 394, 7.7, 3)
     , ('3942738', 780, '2021-01-11', 442, 14.69, 3)
     , ('3514437', 1430, '2021-01-11', 376, 0.54, 3)
     , ('2028040', 1430, '2021-01-12', 383, 1.2, 3)
     , ('2197183', 680, '2021-01-12', 408, 0.48, 3)
     , ('4171831', 780, '2021-01-12', 467, 0.04, 3)
     , ('3348734', 1880, '2021-01-12', 507, 31, 3)
     , ('2123773', 1070, '2021-01-12', 526, 3.5, 3)
     , ('3190413', 1440, '2021-01-12', 408, 3.48, 3)
     , ('2321624', 320, '2021-01-12', 366, 0.02, 3)
     , ('4057613', 1560, '2021-01-13', 474, 7.7, 7)
     , ('3158248', 130, '2021-01-13', 465, 0.78, 7)
     , ('3078900', 1790, '2021-01-13', 410, 6.12, 7)
     , ('3989610', 1650, '2021-01-13', 498, 7.64, 7)
     , ('3624749', 230, '2021-01-13', 431, 0.09, 3)
     , ('4016910', 360, '2021-01-13', 433, 13.09, 7)
     , ('2696690', 290, '2021-01-13', 362, 21.34, 3)
     , ('4235436', 930, '2021-01-13', 366, 31, 7)
     , ('3219064', 770, '2021-01-13', 514, 29.33, 3)
     , ('4507854', 1520, '2021-01-13', 440, 6.34, 3)
     , ('4495026', 1250, '2021-01-13', 532, 27.6, 7)
     , ('3504976', 410, '2021-01-13', 409, 0.05, 7)
     , ('4651905', 830, '2021-01-14', 393, 19, 7)
     , ('3277349', 1660, '2021-01-14', 513, 14.6, 3)
     , ('2169335', 820, '2021-01-14', 533, 0.09, 3)
     , ('2682887', 1580, '2021-01-14', 381, 27.45, 7)
     , ('2912850', 310, '2021-01-14', 437, 7.7, 3)
     , ('3135039', 1890, '2021-01-14', 391, 0.34, 7)
     , ('2892413', 1680, '2021-01-15', 534, 0.54, 3)
     , ('3586395', 610, '2021-01-15', 364, 28.3, 7)
     , ('4597761', 1340, '2021-01-15', 368, 0.04, 7)
     , ('2905298', 1320, '2021-01-15', 521, 0.64, 3)
     , ('2676025', 1940, '2021-01-15', 476, 19.6, 3)
     , ('3361538', 1580, '2021-01-15', 441, 19, 3)
     , ('2235932', 1360, '2021-01-15', 497, 0.06, 3)
     , ('4428919', 560, '2021-01-15', 398, 2.5, 3)
     , ('3808264', 120, '2021-01-15', 487, 0.06, 3)
     , ('4419858', 260, '2021-01-15', 435, 1.2, 3)
     , ('4351011', 1220, '2021-01-15', 443, 40, 3)
     , ('3767350', 1210, '2021-01-16', 404, 7.64, 3)
     , ('3779446', 690, '2021-01-16', 425, 16.4, 3)
     , ('3516373', 1400, '2021-01-16', 360, 36.3, 3)
     , ('2805247', 590, '2021-01-16', 393, 9.55, 3)
     , ('3169821', 1190, '2021-01-16', 379, 34.3, 3)
     , ('2715739', 290, '2021-01-16', 530, 9.06, 3)
     , ('4029517', 380, '2021-01-16', 507, 21.1, 3)
     , ('4409539', 990, '2021-01-16', 446, 0.64, 7)
     , ('4398157', 680, '2021-01-16', 377, 6.34, 7)
     , ('2176502', 550, '2021-01-16', 450, 1.2, 7)
     , ('3261515', 1410, '2021-01-16', 529, 7.7, 7)
     , ('2680380', 1550, '2021-01-16', 388, 29.5, 3)
     , ('3891615', 180, '2021-01-16', 427, 31.3, 7)
     , ('2540978', 380, '2021-01-16', 497, 9.6, 3)
     , ('2431274', 1850, '2021-01-16', 534, 6, 7)
     , ('2734067', 1110, '2021-01-17', 380, 27.5, 7)
     , ('4206665', 930, '2021-01-17', 459, 0.05, 3)
     , ('2137909', 1280, '2021-01-17', 527, 1.64, 7)
     , ('3512453', 1300, '2021-01-17', 510, 0.44, 3)
     , ('2725617', 1540, '2021-01-17', 375, 6, 7)
     , ('3476062', 1460, '2021-01-17', 507, 7.7, 3)
     , ('3551399', 460, '2021-01-17', 406, 7.64, 3)
     , ('3479961', 1670, '2021-01-17', 432, 19, 7)
     , ('2576124', 1340, '2021-01-17', 505, 12.48, 7)
     , ('3050047', 1780, '2021-01-17', 517, 3.48, 7)
     , ('2087162', 1390, '2021-01-17', 476, 29.5, 3)
     , ('3313996', 1770, '2021-01-17', 497, 14.6, 3)
     , ('4260010', 690, '2021-01-17', 386, 0.64, 7)
     , ('3768148', 1500, '2021-01-17', 469, 0.6, 3)
     , ('2491080', 1240, '2021-01-18', 359, 2.5, 7)
     , ('3453702', 430, '2021-01-18', 362, 32.45, 3)
     , ('4627966', 1750, '2021-01-18', 409, 34.3, 7)
     , ('4498935', 720, '2021-01-18', 384, 4.6, 7)
     , ('4384803', 130, '2021-01-18', 502, 27.6, 3)
     , ('3313758', 270, '2021-01-18', 439, 13.64, 3)
     , ('2822115', 1550, '2021-01-18', 424, 25.1, 3)
     , ('3403456', 360, '2021-01-18', 376, 0.64, 3)
     , ('4340494', 1570, '2021-01-18', 445, 2.5, 3)
     , ('4243578', 1040, '2021-01-18', 469, 0.05, 7)
     , ('4182466', 1040, '2021-01-19', 472, 29.5, 7)
     , ('3525865', 2000, '2021-01-19', 478, 7.56, 7)
     , ('2164640', 460, '2021-01-19', 453, 0.44, 3)
     , ('4071500', 410, '2021-01-19', 516, 29.5, 3)
     , ('3905292', 1550, '2021-01-19', 409, 0.02, 3)
     , ('2255326', 1820, '2021-01-19', 390, 7.7, 3)
     , ('3672728', 480, '2021-01-19', 447, 6, 3)
     , ('4282490', 1600, '2021-01-19', 429, 34.5, 3)
     , ('4024382', 500, '2021-01-19', 472, 23.2, 3)
     , ('4165072', 900, '2021-01-19', 406, 29.6, 3)
     , ('2015787', 1900, '2021-01-19', 357, 19, 3)
     , ('4301740', 1660, '2021-01-19', 438, 19, 3)
     , ('3043419', 250, '2021-01-19', 396, 0.93, 7)
     , ('2738264', 1430, '2021-01-19', 454, 0.06, 3)
     , ('3035357', 1050, '2021-01-19', 529, 14.56, 3)
     , ('3940569', 1850, '2021-01-19', 390, 2, 3)
     , ('2952203', 1430, '2021-01-19', 451, 13.09, 3)
     , ('4600621', 1140, '2021-01-19', 399, 2.5, 3)
     , ('4503594', 1920, '2021-01-19', 405, 0.05, 3)
     , ('2863436', 300, '2021-01-20', 460, 25.9, 3)
     , ('3595310', 780, '2021-01-20', 445, 7.01, 3)
     , ('3790370', 1770, '2021-01-20', 515, 16.4, 3)
     , ('4085632', 990, '2021-01-20', 444, 0.64, 3)
     , ('2585001', 1250, '2021-01-20', 486, 3.5, 3)
     , ('3839018', 1090, '2021-01-20', 437, 4.6, 3)
     , ('4524343', 850, '2021-01-20', 417, 1.01, 3)
     , ('3210587', 480, '2021-01-20', 496, 2, 3)
     , ('4649273', 600, '2021-01-20', 358, 21.5, 7)
     , ('4656041', 1500, '2021-01-21', 358, 7.7, 7)
     , ('3383867', 350, '2021-01-21', 403, 34.3, 3)
     , ('3495250', 1150, '2021-01-21', 397, 13.12, 7)
     , ('2743852', 350, '2021-01-21', 495, 6.34, 7)
     , ('4398596', 610, '2021-01-21', 486, 9.55, 7)
     , ('4285607', 490, '2021-01-21', 455, 31.17, 7)
     , ('2428709', 1170, '2021-01-21', 455, 14.69, 7)
     , ('4004750', 1380, '2021-01-21', 409, 2.13, 3)
     , ('3592731', 1330, '2021-01-21', 380, 14.65, 7)
     , ('3031117', 340, '2021-01-21', 366, 0.64, 3)
     , ('3454089', 1620, '2021-01-21', 449, 19.6, 7)
     , ('4004883', 1310, '2021-01-21', 395, 0.03, 3)
     , ('2908815', 840, '2021-01-21', 442, 0.94, 7)
     , ('2352751', 730, '2021-01-21', 418, 27, 3)
     , ('4268496', 1390, '2021-01-21', 403, 29.5, 7)
     , ('3338925', 1520, '2021-01-22', 400, 19, 3)
     , ('3203623', 1410, '2021-01-22', 506, 13.64, 3)
     , ('3474468', 1030, '2021-01-22', 359, 0.5, 7)
     , ('4599134', 1210, '2021-01-22', 439, 0.09, 3)
     , ('4584673', 1830, '2021-01-22', 367, 3.5, 7)
     , ('2799264', 1220, '2021-01-22', 445, 0.85, 7)
     , ('3343505', 560, '2021-01-22', 507, 0.02, 7)
     , ('3988720', 1080, '2021-01-22', 369, 38.63, 7)
     , ('2538537', 1570, '2021-01-23', 500, 2, 7)
     , ('3088774', 1270, '2021-01-23', 423, 0.64, 7)
     , ('3424652', 1510, '2021-01-23', 484, 40, 3)
     , ('2916254', 1260, '2021-01-23', 357, 27.32, 7)
     , ('2317350', 1650, '2021-01-23', 475, 14.65, 3)
     , ('3045145', 570, '2021-01-23', 431, 40, 7)
     , ('2280730', 1040, '2021-01-23', 374, 34.3, 7)
     , ('4252085', 1990, '2021-01-23', 458, 19.6, 3)
     , ('4389444', 1220, '2021-01-23', 451, 19.6, 7)
     , ('2293777', 1110, '2021-01-24', 515, 15.21, 3)
     , ('4402018', 170, '2021-01-24', 478, 19.6, 7)
     , ('3201148', 1330, '2021-01-24', 391, 16.4, 3)
     , ('2529697', 1880, '2021-01-24', 373, 32.45, 3)
     , ('3979709', 1660, '2021-01-24', 445, 14.6, 7)
     , ('2389295', 1440, '2021-01-24', 399, 19, 7)
     , ('4020394', 1060, '2021-01-24', 453, 0.02, 7)
     , ('2992093', 210, '2021-01-24', 467, 21.5, 3)
     , ('2348884', 1740, '2021-01-24', 391, 27, 3)
     , ('2044459', 1280, '2021-01-24', 470, 0.9, 7)
     , ('2451326', 1690, '2021-01-24', 489, 0.02, 3)
     , ('2896942', 550, '2021-01-24', 439, 15.21, 7)
     , ('3881121', 1550, '2021-01-24', 422, 0.6, 3)
     , ('4009768', 1570, '2021-01-25', 468, 0.44, 7)
     , ('3942589', 1550, '2021-01-25', 423, 2, 7)
     , ('2646373', 370, '2021-01-25', 406, 1.79, 3)
     , ('3107245', 350, '2021-01-25', 499, 32.45, 3)
     , ('2441946', 1890, '2021-01-25', 422, 2.5, 3)
     , ('2641667', 1710, '2021-01-25', 421, 0.54, 3)
     , ('3710540', 1970, '2021-01-25', 433, 1.01, 3)
     , ('2352731', 740, '2021-01-25', 460, 0.09, 7)
     , ('2908998', 660, '2021-01-25', 474, 34.3, 7)
     , ('4316712', 590, '2021-01-25', 507, 0.02, 7)
     , ('3718580', 620, '2021-01-25', 407, 27.6, 3)
     , ('3874367', 940, '2021-01-25', 392, 0.01, 3)
     , ('2295207', 1700, '2021-01-25', 374, 4.6, 3)
     , ('4595204', 160, '2021-01-25', 505, 19, 3)
     , ('3032278', 1530, '2021-01-25', 378, 1.79, 3)
     , ('3132305', 180, '2021-01-25', 434, 2, 3)
     , ('2456914', 1210, '2021-01-25', 478, 3.5, 3)
     , ('2970238', 880, '2021-01-25', 518, 0.84, 3)
     , ('2001462', 1710, '2021-01-25', 413, 9.06, 3)
     , ('3878647', 1350, '2021-01-25', 385, 0.34, 3)
     , ('2592382', 390, '2021-01-25', 451, 0.02, 7)
     , ('2699557', 1360, '2021-01-26', 414, 27.32, 3)
     , ('4432241', 300, '2021-01-26', 416, 0.03, 3)
     , ('4125893', 930, '2021-01-26', 440, 14.4, 3)
     , ('2075273', 1270, '2021-01-26', 517, 5.64, 3)
     , ('2390358', 1740, '2021-01-26', 463, 6, 3)
     , ('3249060', 690, '2021-01-26', 423, 13.12, 3)
     , ('3007077', 1640, '2021-01-27', 507, 38.1, 3)
     , ('4579792', 990, '2021-01-27', 373, 27.6, 3)
     , ('3055394', 1940, '2021-01-27', 380, 0.06, 3)
     , ('3802041', 1760, '2021-01-27', 367, 0.02, 3)
     , ('2882400', 1280, '2021-01-27', 495, 0.84, 3)
     , ('3708194', 1000, '2021-01-27', 390, 0.06, 3)
     , ('3983715', 1580, '2021-01-27', 440, 2, 3)
     , ('3890183', 670, '2021-01-27', 388, 24.16, 3)
     , ('4135161', 220, '2021-01-28', 514, 1.01, 7)
     , ('2424232', 1470, '2021-01-28', 498, 6.34, 7)
     , ('2168358', 1340, '2021-01-28', 517, 14.6, 3)
     , ('3366254', 720, '2021-01-28', 399, 7.64, 7)
     , ('3658343', 310, '2021-01-28', 497, 9.6, 7)
     , ('2038594', 1670, '2021-01-28', 490, 36.3, 7)
     , ('2173337', 320, '2021-01-28', 501, 0.06, 7)
     , ('3652798', 110, '2021-01-29', 426, 27.6, 7)
     , ('2649233', 120, '2021-01-29', 504, 19, 3)
     , ('3353536', 1980, '2021-01-29', 360, 17.8, 7)
     , ('4027589', 1570, '2021-01-29', 468, 1.46, 3)
     , ('4194750', 1550, '2021-01-29', 516, 15.21, 7)
     , ('3631560', 1100, '2021-01-29', 443, 0.94, 3)
     , ('3578965', 340, '2021-01-29', 522, 0.35, 7)
     , ('3786012', 1950, '2021-01-29', 475, 0.54, 3)
     , ('3940654', 1770, '2021-01-29', 475, 34.5, 7)
     , ('4577680', 1270, '2021-01-29', 410, 13.09, 3)
     , ('3367011', 880, '2021-01-29', 430, 9.12, 3)
     , ('2335999', 920, '2021-01-30', 513, 19, 7)
     , ('2302002', 380, '2021-01-30', 439, 0.84, 3)
     , ('4526752', 1060, '2021-01-30', 521, 5.64, 7)
     , ('3766977', 520, '2021-01-30', 524, 0.84, 7)
     , ('4399787', 1150, '2021-01-30', 380, 1.89, 7)
     , ('3973478', 1570, '2021-01-30', 524, 0.06, 3)
     , ('2952571', 1510, '2021-01-30', 462, 6.34, 3)
     , ('3526419', 210, '2021-01-31', 526, 19.6, 7)
     , ('3784506', 430, '2021-01-31', 531, 24.65, 3)
     , ('4388548', 360, '2021-01-31', 419, 12.5, 7)
     , ('3627153', 650, '2021-01-31', 467, 0.01, 3)
     , ('3047832', 1260, '2021-01-31', 487, 2.01, 7)
     , ('2044463', 880, '2021-01-31', 449, 0.64, 7)
     , ('2798130', 220, '2021-01-31', 484, 2.13, 3)
     , ('2812209', 1090, '2021-01-31', 395, 0.04, 3)
     , ('3873555', 1500, '2021-01-31', 384, 0.02, 3)
     , ('3935248', 1180, '2021-01-31', 510, 29.6, 3)
     , ('2375010', 1820, '2021-01-31', 361, 27.5, 3)
     , ('4288388', 360, '2021-01-31', 403, 31.17, 3)
     , ('4356317', 1900, '2021-01-31', 379, 0.93, 3)
     , ('3882740', 640, '2021-02-01', 414, 6, 3)
     , ('2485992', 460, '2021-02-01', 382, 21.34, 3)
     , ('4316820', 270, '2021-02-01', 496, 31.17, 3)
     , ('2463865', 2000, '2021-02-01', 357, 1.87, 3)
     , ('4021299', 1430, '2021-02-01', 478, 19, 3)
     , ('3261132', 1240, '2021-02-01', 451, 32.45, 3)
     , ('2419446', 760, '2021-02-01', 493, 21.5, 3)
     , ('3189991', 920, '2021-02-01', 494, 1.79, 3)
     , ('3965927', 120, '2021-02-01', 406, 3.48, 7)
     , ('2710848', 170, '2021-02-01', 461, 1.79, 7)
     , ('3708850', 1040, '2021-02-01', 530, 29.5, 7)
     , ('4470226', 750, '2021-02-01', 373, 24.65, 7)
     , ('3034849', 1790, '2021-02-02', 402, 2.76, 3)
     , ('2316281', 110, '2021-02-02', 497, 25.1, 7)
     , ('2167547', 1250, '2021-02-02', 388, 1.59, 3)
     , ('3610459', 1510, '2021-02-02', 402, 39, 7)
     , ('2420456', 1910, '2021-02-02', 358, 2.5, 7)
     , ('4051612', 1520, '2021-02-02', 453, 21.5, 3)
     , ('3565087', 200, '2021-02-02', 442, 2.76, 7)
     , ('2651326', 200, '2021-02-02', 367, 0.01, 3)
     , ('2803421', 1240, '2021-02-02', 424, 13.07, 7)
     , ('3380283', 280, '2021-02-02', 421, 34.3, 3)
     , ('2109395', 1430, '2021-02-02', 365, 13.64, 3)
     , ('2620127', 1100, '2021-02-02', 490, 0.44, 7)
     , ('2708176', 1910, '2021-02-02', 533, 3.5, 7)
     , ('3688090', 1640, '2021-02-02', 385, 0.86, 7)
     , ('2035110', 1590, '2021-02-03', 466, 13.07, 3)
     , ('3370397', 110, '2021-02-03', 442, 0.02, 3)
     , ('3223741', 1770, '2021-02-03', 370, 2.76, 7)
     , ('2523373', 1500, '2021-02-03', 459, 0.06, 3)
     , ('3921259', 750, '2021-02-03', 406, 9.6, 7)
     , ('3490868', 200, '2021-02-03', 450, 27.6, 3)
     , ('2486590', 410, '2021-02-03', 469, 0.9, 7)
     , ('4638061', 1430, '2021-02-03', 448, 0.84, 7)
     , ('3712257', 370, '2021-02-03', 420, 7.64, 3)
     , ('2432439', 1930, '2021-02-03', 507, 14.4, 3)
     , ('2123922', 1670, '2021-02-03', 390, 38.45, 3)
     , ('4437075', 1210, '2021-02-04', 508, 3.48, 3)
     , ('4005753', 1910, '2021-02-04', 518, 0.64, 3)
     , ('2954932', 330, '2021-02-04', 481, 0.64, 7)
     , ('2681384', 120, '2021-02-04', 517, 5.64, 7)
     , ('2751955', 560, '2021-02-04', 360, 1.12, 7)
     , ('2833758', 1900, '2021-02-04', 418, 21.34, 3)
     , ('4104779', 220, '2021-02-04', 359, 5.64, 3)
     , ('2714725', 1710, '2021-02-04', 417, 0.06, 3)
     , ('4023824', 450, '2021-02-04', 506, 2.5, 3)
     , ('4170270', 1170, '2021-02-04', 481, 0.04, 3)
     , ('2622751', 1380, '2021-02-04', 479, 1.87, 3)
     , ('2162743', 460, '2021-02-05', 511, 0.05, 3)
     , ('2577176', 650, '2021-02-05', 483, 14.6, 3)
     , ('3873408', 1770, '2021-02-05', 400, 6, 3)
     , ('4482054', 1790, '2021-02-05', 467, 34.5, 3)
     , ('3671784', 500, '2021-02-05', 520, 7.64, 7)
     , ('2097917', 1020, '2021-02-05', 426, 0.85, 3)
     , ('3014764', 1890, '2021-02-06', 444, 27, 3)
     , ('2852996', 970, '2021-02-06', 476, 34.3, 3)
     , ('2225614', 1470, '2021-02-06', 511, 3.5, 3)
     , ('4373046', 460, '2021-02-06', 408, 0.54, 3)
     , ('2650091', 880, '2021-02-06', 422, 38.63, 3)
     , ('2501309', 250, '2021-02-06', 482, 0.34, 3)
     , ('3166546', 320, '2021-02-06', 376, 38.63, 3)
     , ('3168933', 720, '2021-02-07', 526, 0.02, 3)
     , ('3570943', 450, '2021-02-07', 386, 12.48, 3)
     , ('3797242', 1840, '2021-02-07', 486, 27, 3)
     , ('3199232', 410, '2021-02-07', 530, 0.96, 3)
     , ('4255488', 1850, '2021-02-07', 401, 27.6, 3)
     , ('3114227', 110, '2021-02-07', 398, 27.6, 3)
     , ('3893053', 1700, '2021-02-07', 456, 0.94, 7)
     , ('4152067', 330, '2021-02-07', 415, 19, 7)
     , ('4260789', 110, '2021-02-08', 466, 23.2, 3)
     , ('2714047', 930, '2021-02-08', 373, 27.6, 7)
     , ('3364995', 1580, '2021-02-08', 460, 27.5, 7)
     , ('3416502', 800, '2021-02-08', 522, 19, 7)
     , ('3073915', 1290, '2021-02-08', 419, 19, 7)
     , ('3702262', 190, '2021-02-08', 451, 27.45, 7)
     , ('3970575', 770, '2021-02-08', 501, 0.54, 3)
     , ('2771612', 200, '2021-02-08', 487, 7.64, 7)
     , ('2692945', 1890, '2021-02-08', 361, 0.64, 3)
     , ('4031359', 1950, '2021-02-08', 401, 0.48, 7)
     , ('3444227', 1750, '2021-02-08', 388, 6, 3)
     , ('3852322', 590, '2021-02-09', 530, 14.5, 7)
     , ('3493934', 760, '2021-02-09', 517, 0.09, 3)
     , ('3554148', 820, '2021-02-09', 485, 0.6, 7)
     , ('2560217', 1460, '2021-02-09', 381, 5.64, 3)
     , ('4534885', 700, '2021-02-09', 459, 2.76, 3)
     , ('4355948', 1930, '2021-02-09', 497, 2.5, 7)
     , ('3639118', 1220, '2021-02-09', 519, 14.6, 3)
     , ('4240680', 390, '2021-02-09', 499, 0.82, 7)
     , ('2735849', 770, '2021-02-09', 522, 19, 7)
     , ('4309082', 470, '2021-02-09', 472, 1.01, 7)
     , ('3270248', 150, '2021-02-09', 405, 17.8, 7)
     , ('4531919', 690, '2021-02-10', 514, 27, 7)
     , ('4214912', 260, '2021-02-10', 465, 13.64, 7)
     , ('4433475', 1010, '2021-02-10', 429, 0.64, 3)
     , ('3358662', 850, '2021-02-10', 502, 7.7, 7)
     , ('2627854', 1090, '2021-02-10', 449, 12.48, 3)
     , ('4524440', 630, '2021-02-10', 411, 14.65, 7)
     , ('2384050', 1860, '2021-02-10', 470, 34.3, 7)
     , ('3293417', 230, '2021-02-10', 394, 2.5, 3)
     , ('3938592', 1020, '2021-02-10', 438, 19, 7)
     , ('2631957', 1330, '2021-02-11', 449, 0.64, 3)
     , ('4466434', 150, '2021-02-11', 511, 0.96, 7)
     , ('3161316', 1150, '2021-02-11', 477, 7.7, 3)
     , ('3491108', 1030, '2021-02-11', 488, 12.5, 3)
     , ('3960862', 1290, '2021-02-11', 416, 6, 7)
     , ('3236100', 1600, '2021-02-11', 398, 19, 7)
     , ('4127998', 220, '2021-02-11', 471, 2.76, 7)
     , ('4562394', 250, '2021-02-11', 504, 32.45, 3)
     , ('3958886', 930, '2021-02-11', 527, 14.96, 3)
     , ('2699309', 1960, '2021-02-12', 398, 3.5, 7)
     , ('2472529', 1950, '2021-02-12', 522, 21, 3)
     , ('4047959', 760, '2021-02-12', 420, 14.4, 7)
     , ('4074354', 1460, '2021-02-12', 474, 7.01, 3)
     , ('2708734', 790, '2021-02-12', 388, 14.4, 7)
     , ('2115525', 790, '2021-02-12', 459, 1.79, 7)
     , ('3630327', 1510, '2021-02-12', 520, 0.86, 3)
     , ('2758210', 930, '2021-02-12', 500, 24.16, 3)
     , ('3062268', 810, '2021-02-12', 428, 32.45, 3)
     , ('2348428', 610, '2021-02-13', 446, 27.6, 3)
     , ('3976468', 660, '2021-02-13', 529, 1.12, 3)
     , ('2053274', 1380, '2021-02-13', 495, 1.12, 7)
     , ('2920780', 880, '2021-02-13', 360, 0.35, 7)
     , ('3457856', 260, '2021-02-13', 462, 29.6, 7)
     , ('2402762', 1050, '2021-02-13', 534, 0.64, 3)
     , ('2203358', 1440, '2021-02-13', 466, 0.02, 3)
     , ('4642280', 1790, '2021-02-13', 495, 0.48, 3)
     , ('3735805', 1740, '2021-02-14', 463, 34.3, 3)
     , ('2131192', 1580, '2021-02-14', 463, 36.3, 3)
     , ('2906675', 1830, '2021-02-14', 469, 1.79, 3)
     , ('2028670', 670, '2021-02-14', 370, 27.45, 3)
     , ('2220875', 120, '2021-02-14', 489, 2.76, 3)
     , ('4024785', 1900, '2021-02-14', 432, 2.5, 3)
     , ('2724513', 290, '2021-02-14', 524, 7.64, 3)
     , ('3533077', 1870, '2021-02-14', 450, 1.46, 7)
     , ('3586089', 1320, '2021-02-14', 446, 25.1, 3)
     , ('3721822', 1700, '2021-02-14', 421, 0.09, 3)
     , ('2609051', 1670, '2021-02-14', 395, 0.48, 3)
     , ('2046179', 690, '2021-02-15', 404, 0.34, 3)
     , ('4089233', 670, '2021-02-15', 521, 3.5, 3)
     , ('3198456', 1930, '2021-02-15', 514, 2, 3)
     , ('3480826', 450, '2021-02-15', 452, 0.7, 3)
     , ('2542723', 1790, '2021-02-15', 507, 1.87, 3)
     , ('2262918', 1240, '2021-02-15', 516, 0.64, 3)
     , ('3118613', 660, '2021-02-15', 454, 0.94, 3)
     , ('2401260', 1850, '2021-02-15', 443, 7.56, 3)
     , ('3175179', 200, '2021-02-15', 391, 5.64, 3)
     , ('2022667', 1450, '2021-02-15', 514, 0.54, 3)
     , ('4013203', 1960, '2021-02-15', 466, 27.32, 3)
     , ('2949454', 1630, '2021-02-16', 370, 0.82, 7)
     , ('3624841', 1780, '2021-02-16', 374, 1.87, 7)
     , ('3409440', 1290, '2021-02-16', 357, 21.1, 3)
     , ('2239093', 1530, '2021-02-16', 500, 29.33, 7)
     , ('4492505', 170, '2021-02-16', 392, 9.6, 7)
     , ('3251464', 1380, '2021-02-16', 407, 0.45, 7)
     , ('4545539', 260, '2021-02-16', 494, 7.64, 7)
     , ('2233867', 1480, '2021-02-16', 445, 0.64, 7)
     , ('3152595', 1580, '2021-02-16', 415, 0.94, 3)
     , ('4058881', 1900, '2021-02-16', 470, 1.79, 7)
     , ('2211728', 220, '2021-02-17', 438, 24.65, 3)
     , ('4637429', 900, '2021-02-17', 476, 27, 7)
     , ('3604015', 1780, '2021-02-17', 362, 0.34, 3)
     , ('3675998', 920, '2021-02-17', 366, 19.66, 7)
     , ('2182437', 530, '2021-02-17', 468, 29.6, 3)
     , ('2341844', 1520, '2021-02-17', 428, 0.94, 7)
     , ('4051648', 270, '2021-02-17', 443, 19, 3)
     , ('2529933', 670, '2021-02-17', 532, 27.32, 3)
     , ('2233981', 1450, '2021-02-17', 515, 0.64, 7)
     , ('3864991', 1350, '2021-02-17', 512, 29.5, 3)
     , ('4305168', 1040, '2021-02-17', 357, 0.06, 7)
     , ('3893655', 480, '2021-02-17', 429, 0.64, 7)
     , ('4130007', 150, '2021-02-17', 411, 38.1, 7)
     , ('2997544', 1100, '2021-02-17', 456, 0.93, 3)
     , ('2291400', 340, '2021-02-17', 360, 12.48, 3)
     , ('4619480', 500, '2021-02-18', 400, 19, 7)
     , ('3576594', 1270, '2021-02-18', 534, 0.64, 3)
     , ('4106925', 1950, '2021-02-18', 478, 27.6, 7)
     , ('2166810', 400, '2021-02-18', 484, 32.45, 3)
     , ('3864015', 930, '2021-02-18', 428, 8.64, 7)
     , ('3084212', 120, '2021-02-18', 438, 21, 7)
     , ('2833232', 670, '2021-02-18', 391, 23.2, 3)
     , ('3335573', 1610, '2021-02-18', 496, 26.56, 3)
     , ('3818655', 290, '2021-02-18', 511, 0.78, 3)
     , ('2901047', 1160, '2021-02-18', 419, 0.64, 3)
     , ('2244197', 190, '2021-02-18', 527, 13.09, 3)
     , ('4103728', 1430, '2021-02-19', 438, 0.93, 3)
     , ('2741246', 1850, '2021-02-19', 386, 0.06, 3)
     , ('2673729', 1540, '2021-02-19', 371, 2.76, 3)
     , ('3497847', 1350, '2021-02-19', 494, 0.02, 3)
     , ('3707274', 910, '2021-02-19', 482, 2, 3)
     , ('4417797', 160, '2021-02-19', 378, 19.6, 3)
     , ('4169465', 1670, '2021-02-19', 482, 0.5, 3)
     , ('2275295', 1760, '2021-02-19', 428, 1.79, 3)
     , ('4450066', 1690, '2021-02-19', 391, 0.04, 3)
     , ('3759217', 1880, '2021-02-19', 374, 2, 3)
     , ('3985729', 710, '2021-02-20', 376, 31, 7)
     , ('2958807', 990, '2021-02-20', 392, 6, 7)
     , ('2386063', 1650, '2021-02-20', 389, 6.12, 7)
     , ('2329930', 650, '2021-02-20', 390, 7.64, 7)
     , ('3318374', 970, '2021-02-20', 368, 34.5, 3)
     , ('4188561', 410, '2021-02-20', 491, 19, 7)
     , ('2647737', 810, '2021-02-21', 378, 14.6, 3)
     , ('2348267', 1030, '2021-02-21', 407, 0.01, 7)
     , ('3307458', 1740, '2021-02-21', 462, 8.64, 7)
     , ('3164912', 620, '2021-02-21', 526, 19, 3)
     , ('3263973', 130, '2021-02-21', 407, 0.85, 7)
     , ('2729792', 670, '2021-02-21', 445, 0.5, 3)
     , ('2591968', 440, '2021-02-21', 377, 14.6, 7)
     , ('3265388', 590, '2021-02-21', 430, 0.34, 3)
     , ('2870171', 680, '2021-02-21', 507, 0.05, 3)
     , ('2271568', 360, '2021-02-22', 370, 19.64, 7)
     , ('2246733', 1730, '2021-02-22', 509, 38.45, 7)
     , ('3196312', 1210, '2021-02-22', 397, 1.4, 7)
     , ('2845214', 1430, '2021-02-22', 428, 0.48, 3)
     , ('4382760', 1460, '2021-02-22', 534, 19.6, 3)
     , ('2873508', 290, '2021-02-22', 497, 2.5, 7)
     , ('3152826', 1940, '2021-02-23', 390, 32.45, 3)
     , ('4317275', 1000, '2021-02-23', 394, 0.45, 7)
     , ('4036295', 180, '2021-02-23', 483, 0.7, 3)
     , ('2323297', 1050, '2021-02-23', 400, 0.34, 7)
     , ('3559188', 520, '2021-02-23', 399, 19.64, 7)
     , ('2842685', 1540, '2021-02-23', 528, 14.3, 3)
     , ('3498360', 1590, '2021-02-23', 446, 34.3, 3)
     , ('3817537', 420, '2021-02-24', 506, 1.46, 3)
     , ('3768459', 1540, '2021-02-24', 361, 0.06, 3)
     , ('3068405', 1380, '2021-02-24', 422, 19.64, 3)
     , ('4062612', 1870, '2021-02-24', 370, 1.64, 7)
     , ('3803054', 1570, '2021-02-24', 376, 0.74, 7)
     , ('4139332', 210, '2021-02-24', 524, 7.7, 7)
     , ('4460245', 340, '2021-02-24', 453, 40, 3)
     , ('3154174', 800, '2021-02-24', 361, 21.1, 3)
     , ('2663697', 240, '2021-02-25', 465, 0.57, 3)
     , ('3846026', 1580, '2021-02-25', 378, 24.65, 3)
     , ('2855751', 1270, '2021-02-25', 469, 0.01, 3)
     , ('2530441', 1110, '2021-02-25', 511, 0.06, 3)
     , ('3519385', 450, '2021-02-25', 483, 1.46, 3)
     , ('4395783', 970, '2021-02-25', 514, 0.48, 3)
     , ('4196898', 1980, '2021-02-25', 434, 2.5, 3)
     , ('4588291', 1430, '2021-02-25', 366, 0.54, 3)
     , ('2137647', 450, '2021-02-25', 513, 0.02, 7)
     , ('3592200', 1100, '2021-02-26', 506, 14.6, 3)
     , ('3279786', 1370, '2021-02-26', 510, 0.84, 3)
     , ('3211911', 660, '2021-02-26', 442, 0.45, 3)
     , ('4319017', 1700, '2021-02-26', 403, 13.64, 3)
     , ('3248037', 700, '2021-02-26', 461, 14.69, 3)
     , ('3944200', 1830, '2021-02-26', 500, 19, 3)
     , ('4071216', 1020, '2021-02-26', 405, 28.3, 3)
     , ('4054929', 1900, '2021-02-26', 392, 2, 3)
     , ('3585840', 310, '2021-02-26', 418, 0.44, 3)
     , ('2908862', 290, '2021-02-26', 532, 31.3, 3)
     , ('3258183', 1580, '2021-02-26', 418, 19, 3)
     , ('3193091', 1520, '2021-02-26', 413, 7.56, 3)
     , ('2073073', 320, '2021-02-27', 380, 5.64, 3)
     , ('3504478', 1520, '2021-02-27', 514, 14.6, 3)
     , ('2696143', 1310, '2021-02-27', 515, 0.64, 7)
     , ('4257392', 1780, '2021-02-27', 370, 6, 7)
     , ('3671575', 770, '2021-02-27', 429, 13.64, 3)
     , ('2407657', 140, '2021-02-27', 403, 4.6, 7)
     , ('2783602', 1580, '2021-02-27', 395, 32.45, 7)
     , ('3936276', 1610, '2021-02-27', 377, 14.96, 7)
     , ('2155988', 320, '2021-02-28', 456, 31, 7)
     , ('2873688', 1420, '2021-02-28', 533, 0.94, 7)
     , ('4659429', 740, '2021-02-28', 432, 0.05, 3)
     , ('2073139', 1820, '2021-02-28', 380, 1.2, 7)
     , ('4036494', 1440, '2021-02-28', 491, 14.65, 3)
     , ('2939938', 800, '2021-02-28', 477, 0.64, 7)
     , ('4183202', 740, '2021-02-28', 430, 34.3, 3)
     , ('2482476', 760, '2021-02-28', 458, 2.76, 7)
     , ('4628200', 1050, '2021-02-28', 514, 3.5, 3)
     , ('3962529', 1000, '2021-03-01', 358, 3.5, 7)
     , ('2075879', 1290, '2021-03-01', 523, 2.5, 3)
     , ('4605212', 1520, '2021-03-01', 443, 27.45, 3)
     , ('4563883', 1120, '2021-03-01', 497, 19, 7)
     , ('2052712', 1530, '2021-03-01', 522, 34.5, 3)
     , ('3645161', 1820, '2021-03-01', 434, 0.64, 7)
     , ('2307422', 1130, '2021-03-01', 433, 0.48, 7)
     , ('3555777', 1630, '2021-03-01', 412, 0.02, 7)
     , ('3120152', 1930, '2021-03-01', 488, 0.7, 7)
     , ('4309119', 200, '2021-03-01', 462, 26.56, 7)
     , ('3097675', 1150, '2021-03-01', 415, 0.06, 7)
     , ('4067322', 200, '2021-03-02', 407, 0.05, 3)
     , ('3591923', 300, '2021-03-02', 433, 19, 7)
     , ('4456741', 200, '2021-03-02', 388, 32.45, 3)
     , ('4360722', 1810, '2021-03-02', 444, 0.86, 7)
     , ('3819065', 610, '2021-03-02', 377, 21.1, 7)
     , ('2683070', 330, '2021-03-02', 412, 6.34, 3)
     , ('2238860', 530, '2021-03-02', 384, 6.34, 7)
     , ('4186073', 1090, '2021-03-02', 487, 0.03, 3)
     , ('2840328', 720, '2021-03-02', 461, 0.05, 7)
     , ('2911521', 720, '2021-03-02', 514, 13.64, 3)
     , ('3717764', 1020, '2021-03-02', 406, 0.01, 3)
     , ('4027954', 330, '2021-03-02', 512, 13.09, 7)
     , ('4281171', 1810, '2021-03-02', 411, 2, 7)
     , ('3439852', 2000, '2021-03-02', 391, 0.35, 7)
     , ('4228774', 350, '2021-03-02', 503, 0.9, 3)
     , ('3741239', 1810, '2021-03-02', 415, 0.44, 3)
     , ('2449246', 840, '2021-03-02', 441, 0.84, 7)
     , ('2422168', 240, '2021-03-02', 516, 2.5, 3)
     , ('2796924', 700, '2021-03-03', 492, 2.13, 7)
     , ('3573671', 170, '2021-03-03', 491, 14.3, 3)
     , ('3787237', 240, '2021-03-03', 483, 40, 7)
     , ('4467063', 1970, '2021-03-04', 528, 0.01, 7)
     , ('2109979', 1660, '2021-03-04', 507, 25.1, 3)
     , ('3322514', 370, '2021-03-04', 455, 2.5, 3)
     , ('3518243', 880, '2021-03-04', 397, 0.64, 3)
     , ('2483250', 220, '2021-03-04', 378, 0.48, 3)
     , ('4242333', 120, '2021-03-05', 376, 1.64, 3)
     , ('4481851', 1290, '2021-03-05', 471, 3.5, 7)
     , ('3314648', 750, '2021-03-05', 360, 32.45, 7)
     , ('3256590', 1590, '2021-03-05', 483, 0.05, 7)
     , ('2804661', 1850, '2021-03-05', 529, 14.6, 3)
     , ('3337320', 630, '2021-03-05', 471, 12.48, 3)
     , ('2332332', 140, '2021-03-05', 423, 0.6, 3)
     , ('4552421', 660, '2021-03-05', 471, 26.56, 3)
     , ('3354251', 340, '2021-03-05', 439, 9.6, 3)
     , ('3825943', 950, '2021-03-05', 466, 6.34, 3)
     , ('3658821', 1440, '2021-03-05', 506, 7.64, 3)
     , ('2271821', 1800, '2021-03-05', 402, 1.01, 3)
     , ('3523966', 1960, '2021-03-05', 473, 0.9, 3)
     , ('4168047', 1210, '2021-03-05', 386, 0.64, 3)
     , ('4230794', 1920, '2021-03-06', 466, 0.35, 7)
     , ('4422172', 1900, '2021-03-06', 517, 34.5, 3)
     , ('2427326', 550, '2021-03-06', 511, 15.21, 3)
     , ('4431396', 1540, '2021-03-06', 506, 14.4, 3)
     , ('2243108', 900, '2021-03-06', 377, 0.14, 3)
     , ('2169100', 350, '2021-03-06', 488, 14.4, 3)
     , ('3043615', 1720, '2021-03-06', 396, 7.64, 3)
     , ('4415467', 740, '2021-03-06', 365, 2.01, 3)
     , ('2244412', 170, '2021-03-06', 490, 0.01, 3)
     , ('2254501', 1660, '2021-03-07', 510, 2.5, 3)
     , ('4500879', 1070, '2021-03-07', 374, 2, 3)
     , ('3611036', 470, '2021-03-07', 426, 3.5, 3)
     , ('3498787', 1510, '2021-03-07', 440, 0.02, 3)
     , ('3019749', 1300, '2021-03-07', 375, 0.34, 3)
     , ('3687707', 1880, '2021-03-07', 459, 0.34, 3)
     , ('3192689', 380, '2021-03-07', 476, 29.6, 7)
     , ('3621047', 1970, '2021-03-07', 398, 7.7, 7)
     , ('2444070', 1310, '2021-03-07', 511, 27.6, 3)
     , ('2378973', 1410, '2021-03-07', 528, 2, 7)
     , ('4184009', 760, '2021-03-08', 363, 19, 7)
     , ('2258698', 1070, '2021-03-08', 473, 15.21, 7)
     , ('2851094', 580, '2021-03-08', 512, 12.5, 7)
     , ('3995836', 610, '2021-03-08', 386, 21.5, 7)
     , ('3154094', 1510, '2021-03-08', 375, 6.12, 3)
     , ('2104097', 1510, '2021-03-08', 436, 0.48, 7)
     , ('3625422', 1270, '2021-03-09', 521, 1.59, 3)
     , ('2179770', 1520, '2021-03-09', 530, 21.34, 7)
     , ('2291548', 1430, '2021-03-09', 429, 0.35, 3)
     , ('4599475', 880, '2021-03-09', 496, 1.12, 7)
     , ('2975498', 1450, '2021-03-09', 509, 27.32, 3)
     , ('2179879', 1500, '2021-03-09', 390, 6.34, 7)
     , ('4582310', 1020, '2021-03-09', 374, 38.63, 3)
     , ('3985804', 1940, '2021-03-09', 466, 14.3, 3)
     , ('4495835', 620, '2021-03-09', 442, 1.01, 7)
     , ('4608277', 1800, '2021-03-09', 437, 0.02, 3)
     , ('3403549', 170, '2021-03-10', 415, 0.06, 7)
     , ('2896706', 150, '2021-03-10', 357, 19.66, 7)
     , ('3238468', 1200, '2021-03-10', 507, 0.84, 7)
     , ('2623773', 1110, '2021-03-10', 516, 0.03, 3)
     , ('3076947', 1810, '2021-03-10', 473, 27.6, 3)
     , ('4407849', 1170, '2021-03-10', 378, 29.6, 3)
     , ('4274578', 280, '2021-03-10', 533, 1.79, 3)
     , ('3706494', 1690, '2021-03-11', 497, 31.17, 3)
     , ('3642549', 710, '2021-03-11', 387, 2.13, 7)
     , ('3263374', 1980, '2021-03-11', 511, 0.9, 3)
     , ('2178795', 1280, '2021-03-11', 379, 19, 3)
     , ('2881203', 740, '2021-03-11', 520, 2, 3)
     , ('4186399', 1710, '2021-03-11', 467, 0.03, 3)
     , ('4562565', 1560, '2021-03-11', 518, 1.4, 3)
     , ('2718527', 1120, '2021-03-11', 364, 21.34, 3)
     , ('3432195', 730, '2021-03-11', 433, 7.7, 3)
     , ('4235422', 1100, '2021-03-11', 400, 14.3, 3)
     , ('4366751', 350, '2021-03-12', 514, 0.04, 3)
     , ('3245981', 320, '2021-03-12', 437, 27, 3)
     , ('3913156', 1490, '2021-03-13', 462, 1.64, 3)
     , ('3800679', 220, '2021-03-13', 466, 0.45, 3)
     , ('4230791', 1150, '2021-03-13', 418, 3, 3)
     , ('3386616', 650, '2021-03-13', 440, 0.09, 3)
     , ('4436968', 540, '2021-03-13', 497, 0.94, 7)
     , ('3681019', 2000, '2021-03-13', 458, 0.03, 7)
     , ('2725514', 1300, '2021-03-13', 437, 31.17, 3)
     , ('2152515', 1110, '2021-03-13', 473, 0.14, 7)
     , ('2416245', 1280, '2021-03-13', 441, 5.64, 7)
     , ('2516828', 630, '2021-03-13', 436, 0.04, 7)
     , ('2338014', 830, '2021-03-13', 368, 2.13, 7)
     , ('3453973', 1260, '2021-03-14', 498, 3.5, 7)
     , ('2059826', 370, '2021-03-14', 370, 6.34, 3)
     , ('3753354', 1980, '2021-03-14', 509, 19.66, 7)
     , ('4136238', 1720, '2021-03-14', 495, 19, 3)
     , ('3288180', 1210, '2021-03-14', 390, 31.17, 7)
     , ('3847238', 520, '2021-03-14', 528, 0.06, 3)
     , ('3687982', 1990, '2021-03-14', 511, 2.76, 7)
     , ('2873212', 1690, '2021-03-15', 373, 0.14, 3)
     , ('3104851', 760, '2021-03-15', 499, 1.87, 7)
     , ('2483045', 1560, '2021-03-15', 464, 0.96, 3)
     , ('3938699', 1570, '2021-03-15', 378, 2.01, 3)
     , ('4254294', 740, '2021-03-15', 443, 15.21, 7)
     , ('3581582', 1680, '2021-03-15', 396, 17.8, 3)
     , ('3175501', 840, '2021-03-15', 443, 5.64, 7)
     , ('2844556', 510, '2021-03-15', 485, 0.04, 7)
     , ('4003066', 1580, '2021-03-15', 485, 0.05, 7)
     , ('4213035', 180, '2021-03-15', 399, 29.6, 3)
     , ('3468744', 1110, '2021-03-16', 420, 14.65, 3)
     , ('3138332', 1610, '2021-03-16', 414, 0.02, 7)
     , ('2634458', 250, '2021-03-16', 487, 13.12, 3)
     , ('3772958', 1330, '2021-03-16', 513, 39, 7)
     , ('3076894', 460, '2021-03-16', 375, 0.44, 3)
     , ('4225104', 340, '2021-03-16', 422, 0.48, 7)
     , ('3126379', 100, '2021-03-16', 528, 27.6, 7)
     , ('2862316', 1760, '2021-03-16', 503, 1.4, 3)
     , ('2569848', 1690, '2021-03-16', 498, 2, 3)
     , ('3995101', 640, '2021-03-16', 371, 39, 3)
     , ('2038418', 1410, '2021-03-16', 488, 23.2, 3)
     , ('2080157', 1670, '2021-03-16', 504, 19.66, 3)
     , ('2810127', 360, '2021-03-16', 444, 25.1, 3)
     , ('3196527', 1610, '2021-03-16', 516, 19.6, 3)
     , ('4176060', 760, '2021-03-17', 495, 9.12, 3)
     , ('4444747', 1800, '2021-03-17', 411, 0.9, 3)
     , ('3397376', 560, '2021-03-17', 405, 0.03, 3)
     , ('4270412', 1300, '2021-03-17', 373, 28.26, 3)
     , ('2787157', 1790, '2021-03-17', 386, 0.34, 3)
     , ('4189121', 500, '2021-03-17', 499, 25.9, 3)
     , ('3580596', 1930, '2021-03-18', 484, 0.48, 3)
     , ('4439513', 590, '2021-03-18', 403, 28.3, 3)
     , ('3883998', 1190, '2021-03-18', 393, 34.3, 7)
     , ('4567752', 1950, '2021-03-18', 375, 27.5, 7)
     , ('3216167', 620, '2021-03-18', 534, 14.5, 7)
     , ('4334346', 1670, '2021-03-18', 505, 0.86, 7)
     , ('3055825', 1470, '2021-03-18', 379, 14.65, 3)
     , ('4275957', 1890, '2021-03-18', 453, 0.02, 7)
     , ('2884445', 260, '2021-03-18', 529, 2.5, 3)
     , ('2982669', 1700, '2021-03-18', 455, 7.64, 7)
     , ('2203223', 310, '2021-03-18', 389, 19, 7)
     , ('3173357', 1960, '2021-03-18', 446, 3, 3)
     , ('2854595', 1540, '2021-03-18', 485, 1.79, 7)
     , ('3810529', 1110, '2021-03-18', 472, 24.65, 3)
     , ('2867534', 1940, '2021-03-19', 511, 8.64, 7)
     , ('2419809', 1310, '2021-03-19', 472, 0.02, 3)
     , ('2789329', 1490, '2021-03-19', 435, 1.79, 3)
     , ('4406609', 1950, '2021-03-19', 411, 19, 7)
     , ('3431920', 1280, '2021-03-19', 357, 0.34, 7)
     , ('4418094', 1240, '2021-03-19', 400, 0.54, 7)
     , ('4106211', 650, '2021-03-20', 396, 3.48, 3)
     , ('3931074', 1070, '2021-03-20', 444, 6.34, 3)
     , ('3439909', 530, '2021-03-20', 424, 31, 7)
     , ('2761590', 1240, '2021-03-20', 380, 32.45, 3)
     , ('3005442', 550, '2021-03-21', 434, 34.3, 7)
     , ('3298595', 360, '2021-03-21', 358, 27, 3)
     , ('2186304', 720, '2021-03-21', 472, 0.44, 7)
     , ('4324939', 1110, '2021-03-21', 441, 29.5, 7)
     , ('2114343', 240, '2021-03-21', 512, 6, 3)
     , ('3261872', 1070, '2021-03-21', 381, 17.8, 3)
     , ('4237121', 1290, '2021-03-21', 483, 23.2, 3)
     , ('2495124', 630, '2021-03-21', 377, 14.6, 3)
     , ('2222212', 1850, '2021-03-21', 481, 38.1, 3)
     , ('4425947', 830, '2021-03-21', 477, 0.01, 7)
     , ('4609650', 1790, '2021-03-21', 422, 6.12, 7)
     , ('2274339', 960, '2021-03-21', 484, 21.5, 7)
     , ('2679153', 890, '2021-03-21', 447, 0.44, 3)
     , ('2512884', 220, '2021-03-21', 409, 28.26, 3)
     , ('3151938', 1310, '2021-03-22', 498, 24.16, 3)
     , ('3836138', 790, '2021-03-22', 443, 1.01, 3)
     , ('2858054', 410, '2021-03-22', 464, 25.1, 3)
     , ('2780434', 450, '2021-03-22', 384, 0.85, 3)
     , ('2531543', 880, '2021-03-22', 441, 2, 3)
     , ('3676156', 260, '2021-03-22', 380, 27.6, 3)
     , ('2937892', 310, '2021-03-22', 461, 0.93, 3)
     , ('4507229', 1110, '2021-03-22', 512, 19.66, 3)
     , ('3729924', 1110, '2021-03-22', 367, 14.96, 7)
     , ('4303205', 1830, '2021-03-22', 435, 34.3, 3)
     , ('4512871', 1330, '2021-03-22', 422, 0.06, 3)
     , ('2761241', 720, '2021-03-22', 530, 7.01, 3)
     , ('4144038', 1100, '2021-03-22', 411, 34.3, 3)
     , ('2514882', 960, '2021-03-22', 455, 27.6, 3)
     , ('2389169', 400, '2021-03-22', 412, 7.64, 3)
     , ('4070922', 1730, '2021-03-22', 445, 31, 3)
     , ('2062747', 1550, '2021-03-23', 410, 1.01, 3)
     , ('4369662', 1120, '2021-03-23', 411, 36.3, 3)
     , ('2338313', 1420, '2021-03-23', 408, 27.6, 3)
     , ('3810372', 1680, '2021-03-23', 426, 14.96, 3)
     , ('3693942', 440, '2021-03-23', 403, 27.45, 3)
     , ('4101195', 700, '2021-03-23', 369, 9.55, 3)
     , ('3063653', 1590, '2021-03-23', 402, 3.48, 3)
     , ('2798639', 520, '2021-03-23', 496, 24.65, 7)
     , ('3415520', 470, '2021-03-23', 365, 0.09, 7)
     , ('3152075', 1370, '2021-03-23', 408, 15.21, 3)
     , ('3926674', 900, '2021-03-23', 463, 2.5, 7)
     , ('2623954', 940, '2021-03-24', 446, 1.12, 7)
     , ('4634422', 270, '2021-03-24', 517, 0.48, 7)
     , ('2188914', 320, '2021-03-24', 360, 12.48, 3)
     , ('3805357', 1290, '2021-03-24', 390, 7.56, 7)
     , ('3666860', 1270, '2021-03-24', 430, 6, 3)
     , ('3104781', 1670, '2021-03-24', 489, 1.46, 3)
     , ('3186966', 1290, '2021-03-24', 504, 14.3, 7)
     , ('4016579', 1380, '2021-03-24', 511, 13.12, 3)
     , ('4469150', 1410, '2021-03-24', 479, 25.9, 7)
     , ('3377002', 820, '2021-03-24', 473, 29.5, 7)
     , ('2860305', 720, '2021-03-24', 404, 32.45, 7)
     , ('2704460', 1550, '2021-03-25', 517, 19, 3)
     , ('2769196', 200, '2021-03-25', 421, 0.34, 3)
     , ('3345289', 890, '2021-03-25', 432, 2, 3)
     , ('2062098', 130, '2021-03-25', 409, 0.34, 3)
     , ('3571207', 1870, '2021-03-25', 407, 0.74, 3)
     , ('3335814', 1860, '2021-03-25', 533, 2, 7)
     , ('3653858', 590, '2021-03-25', 453, 0.96, 3)
     , ('4010505', 670, '2021-03-25', 363, 2.01, 3)
     , ('2409376', 1810, '2021-03-25', 481, 0.05, 3)
     , ('3974329', 330, '2021-03-25', 482, 27.6, 3)
     , ('2111388', 820, '2021-03-26', 417, 19, 3)
     , ('3051678', 630, '2021-03-26', 437, 0.02, 3)
     , ('2860988', 690, '2021-03-26', 530, 14.6, 3)
     , ('3997205', 880, '2021-03-26', 374, 0.02, 3)
     , ('4333464', 1140, '2021-03-26', 484, 0.78, 3)
     , ('3526705', 1830, '2021-03-26', 444, 15.21, 3)
     , ('2316049', 650, '2021-03-26', 452, 21.1, 3)
     , ('3595782', 1070, '2021-03-26', 381, 7.64, 3)
     , ('2388764', 1510, '2021-03-26', 477, 0.01, 3)
     , ('2424378', 370, '2021-03-26', 525, 0.34, 3)
     , ('3093254', 760, '2021-03-26', 507, 1.46, 7)
     , ('4303720', 1250, '2021-03-26', 502, 27.5, 7)
     , ('3977627', 820, '2021-03-26', 413, 24.65, 3)
     , ('4386911', 980, '2021-03-26', 396, 2.5, 7)
     , ('2512233', 440, '2021-03-27', 402, 2.76, 7)
     , ('3312558', 470, '2021-03-27', 517, 34.3, 7)
     , ('2571641', 810, '2021-03-27', 386, 2.5, 7)
     , ('3678381', 1750, '2021-03-27', 483, 14.96, 7)
     , ('3128031', 110, '2021-03-27', 481, 7.7, 3)
     , ('4571534', 420, '2021-03-27', 427, 40, 7)
     , ('2386833', 1190, '2021-03-27', 468, 2.5, 3)
     , ('4325862', 140, '2021-03-27', 380, 0.35, 7)
     , ('2889217', 1520, '2021-03-27', 439, 19, 3)
     , ('2471461', 1560, '2021-03-27', 358, 0.48, 7)
     , ('2647136', 1570, '2021-03-28', 473, 0.34, 3)
     , ('3729906', 170, '2021-03-28', 490, 0.02, 7)
     , ('4625101', 500, '2021-03-28', 444, 34.5, 3)
     , ('4327092', 960, '2021-03-28', 484, 3, 3)
     , ('2376333', 1510, '2021-03-28', 396, 0.94, 7)
     , ('2363595', 160, '2021-03-28', 457, 17.8, 3)
     , ('3608222', 740, '2021-03-28', 364, 0.04, 7)
     , ('3996519', 920, '2021-03-28', 526, 1.64, 7)
     , ('2637687', 1850, '2021-03-28', 413, 2.13, 7)
     , ('4306062', 1150, '2021-03-29', 407, 13.07, 3)
     , ('2192984', 1990, '2021-03-29', 365, 38.45, 3)
     , ('3655269', 140, '2021-03-29', 369, 0.84, 7)
     , ('3092994', 290, '2021-03-29', 500, 19, 3)
     , ('4040235', 1680, '2021-03-29', 465, 2, 7)
     , ('3828127', 770, '2021-03-30', 520, 1.2, 3)
     , ('2660813', 790, '2021-03-30', 525, 19, 7)
     , ('3049844', 610, '2021-03-30', 422, 21.34, 7)
     , ('3467113', 570, '2021-03-30', 505, 24.16, 3)
     , ('4443095', 220, '2021-03-30', 417, 7.7, 3)
     , ('2603574', 700, '2021-03-30', 357, 0.6, 3)
     , ('4335588', 870, '2021-03-30', 513, 12.48, 3)
     , ('4258855', 390, '2021-03-30', 385, 0.02, 3)
     , ('2069016', 810, '2021-03-31', 383, 17.8, 3)
     , ('3903547', 1020, '2021-03-31', 361, 24.65, 3)
     , ('3388454', 740, '2021-03-31', 531, 19.64, 3)
     , ('4175428', 170, '2021-03-31', 411, 0.94, 3)
     , ('4368537', 1260, '2021-03-31', 420, 1.01, 3)
     , ('2201842', 1430, '2021-03-31', 507, 1.79, 3)
     , ('3372173', 690, '2021-03-31', 485, 28.3, 3)
     , ('4179484', 1550, '2021-03-31', 489, 0.04, 3)
     , ('4298878', 1870, '2021-03-31', 484, 0.93, 3)
     , ('3591602', 1650, '2021-03-31', 433, 21.5, 7)
     , ('2330879', 490, '2021-03-31', 468, 7.7, 3)
     , ('2094409', 970, '2021-03-31', 387, 0.35, 7)
     , ('4064579', 1950, '2021-03-31', 444, 34.3, 7)
     , ('3352506', 1420, '2021-04-01', 431, 0.44, 7)
     , ('2995922', 930, '2021-04-01', 496, 0.02, 3)
     , ('2639016', 630, '2021-04-01', 473, 2.5, 3)
     , ('2444780', 1160, '2021-04-01', 476, 0.54, 7)
     , ('2269573', 1870, '2021-04-01', 375, 0.64, 3)
     , ('2523897', 930, '2021-04-01', 491, 24.16, 7)
     , ('3676103', 1320, '2021-04-01', 439, 4.6, 3)
     , ('3856347', 1100, '2021-04-01', 448, 28.26, 7)
     , ('2989228', 1340, '2021-04-01', 485, 31.3, 7)
     , ('4109467', 980, '2021-04-01', 426, 2.5, 3)
     , ('2781525', 1680, '2021-04-02', 414, 0.93, 3)
     , ('4153670', 310, '2021-04-02', 468, 6.34, 3)
     , ('2368196', 1420, '2021-04-02', 400, 14.96, 3)
     , ('2684836', 620, '2021-04-02', 470, 24.16, 3)
     , ('2319917', 1400, '2021-04-02', 417, 0.84, 3)
     , ('4194162', 1770, '2021-04-02', 477, 0.06, 3)
     , ('2848099', 540, '2021-04-02', 416, 0.34, 3)
     , ('2605564', 1900, '2021-04-02', 419, 19, 3)
     , ('2354729', 1700, '2021-04-02', 432, 27.6, 3)
     , ('2458098', 1940, '2021-04-03', 392, 28.3, 3)
     , ('3418296', 600, '2021-04-03', 522, 2.01, 3)
     , ('2599580', 530, '2021-04-03', 403, 0.84, 3)
     , ('3718426', 1960, '2021-04-03', 411, 9.55, 3)
     , ('2609158', 820, '2021-04-03', 496, 21, 3)
     , ('3261333', 1640, '2021-04-03', 516, 2, 7)
     , ('2255209', 1690, '2021-04-03', 506, 7.64, 7)
     , ('3948048', 1310, '2021-04-03', 415, 25.1, 7)
     , ('2007746', 1270, '2021-04-03', 468, 1.89, 7)
     , ('2107441', 1740, '2021-04-04', 488, 6, 3)
     , ('2382013', 1800, '2021-04-04', 421, 0.04, 7)
     , ('2853712', 1420, '2021-04-04', 407, 19, 3)
     , ('4545736', 1220, '2021-04-04', 406, 0.34, 7)
     , ('2686080', 1790, '2021-04-04', 458, 27.6, 7)
     , ('3238975', 1320, '2021-04-04', 474, 24.16, 3)
     , ('3763376', 1650, '2021-04-04', 509, 7.64, 7)
     , ('3155679', 1040, '2021-04-04', 519, 25.1, 3)
     , ('2677637', 140, '2021-04-04', 514, 0.93, 7)
     , ('4337396', 1650, '2021-04-04', 392, 21.34, 3)
     , ('2933740', 880, '2021-04-05', 521, 0.03, 3)
     , ('4022240', 320, '2021-04-05', 378, 29.33, 7)
     , ('2850370', 490, '2021-04-05', 505, 31.17, 7)
     , ('3035381', 1760, '2021-04-05', 385, 21, 7)
     , ('4066390', 1800, '2021-04-05', 484, 29.6, 3)
     , ('3949708', 1570, '2021-04-05', 488, 0.78, 3)
     , ('4131113', 430, '2021-04-05', 471, 7.01, 7)
     , ('2500637', 1030, '2021-04-05', 362, 27.6, 3)
     , ('2561909', 1130, '2021-04-05', 410, 1.59, 7)
     , ('3435887', 1360, '2021-04-05', 532, 7.56, 3)
     , ('2411526', 280, '2021-04-05', 381, 14.65, 7)
     , ('4410438', 1210, '2021-04-06', 444, 0.03, 7)
     , ('3830156', 700, '2021-04-06', 444, 12.5, 3)
     , ('3974689', 690, '2021-04-06', 453, 0.02, 3)
     , ('2300910', 730, '2021-04-06', 464, 0.05, 3)
     , ('2046354', 980, '2021-04-06', 519, 13.07, 3)
     , ('3702680', 1810, '2021-04-06', 358, 16.4, 3)
     , ('2665193', 980, '2021-04-06', 482, 7.64, 7)
     , ('4597688', 330, '2021-04-06', 446, 2.5, 7)
     , ('4188785', 1210, '2021-04-06', 485, 2.5, 7)
     , ('2906748', 180, '2021-04-06', 463, 9.06, 3)
     , ('2102873', 830, '2021-04-06', 466, 8.64, 3)
     , ('2863490', 940, '2021-04-06', 391, 0.09, 3)
     , ('3351954', 1370, '2021-04-07', 508, 0.05, 3)
     , ('4577783', 1840, '2021-04-07', 468, 4.6, 3)
     , ('4399568', 460, '2021-04-07', 472, 17.8, 3)
     , ('4089232', 610, '2021-04-07', 361, 1.79, 3)
     , ('3630176', 1600, '2021-04-07', 433, 12.5, 3)
     , ('2165600', 660, '2021-04-07', 445, 2, 3)
     , ('3928520', 610, '2021-04-07', 513, 38.45, 3)
     , ('4377484', 620, '2021-04-07', 421, 2.76, 7)
     , ('2076208', 920, '2021-04-07', 369, 0.44, 3)
     , ('4394194', 270, '2021-04-07', 439, 1.87, 3)
     , ('4042752', 1820, '2021-04-08', 361, 38.1, 3)
     , ('4117263', 950, '2021-04-08', 496, 27, 3)
     , ('2704755', 560, '2021-04-08', 429, 1.4, 3)
     , ('3277483', 500, '2021-04-08', 516, 1.59, 3)
     , ('2401796', 1340, '2021-04-08', 454, 0.34, 3)
     , ('3892652', 1070, '2021-04-08', 471, 13.09, 3)
     , ('4647970', 860, '2021-04-09', 427, 14.5, 3)
     , ('3959124', 930, '2021-04-09', 357, 0.82, 3)
     , ('3636407', 510, '2021-04-09', 491, 19.66, 3)
     , ('2447841', 1130, '2021-04-09', 507, 7.7, 3)
     , ('2686904', 690, '2021-04-09', 447, 0.45, 3)
     , ('2464658', 1020, '2021-04-09', 421, 0.48, 3)
     , ('3714262', 1120, '2021-04-09', 364, 27.6, 7)
     , ('4158503', 1020, '2021-04-09', 489, 19.66, 7)
     , ('2320682', 390, '2021-04-09', 494, 17.8, 3)
     , ('2392558', 370, '2021-04-09', 384, 0.84, 7)
     , ('2344400', 1530, '2021-04-10', 509, 0.05, 7)
     , ('3619976', 1060, '2021-04-10', 369, 38.63, 7)
     , ('2416481', 1420, '2021-04-10', 470, 7.7, 3)
     , ('4011267', 850, '2021-04-10', 475, 1.79, 7)
     , ('4441994', 1170, '2021-04-10', 374, 14.65, 3)
     , ('2524167', 100, '2021-04-10', 499, 23.2, 3)
     , ('2539422', 580, '2021-04-10', 435, 34.3, 7)
     , ('4629962', 390, '2021-04-10', 405, 0.96, 3)
     , ('3216384', 1060, '2021-04-10', 392, 0.04, 7)
     , ('3348228', 1530, '2021-04-10', 525, 3.48, 7)
     , ('2442469', 370, '2021-04-10', 511, 3.48, 7)
     , ('3942857', 1190, '2021-04-10', 452, 14.4, 3)
     , ('4258115', 1700, '2021-04-11', 407, 31.3, 3)
     , ('4129165', 900, '2021-04-11', 443, 2.76, 3)
     , ('2208690', 720, '2021-04-11', 504, 0.48, 3)
     , ('4085695', 1650, '2021-04-11', 395, 3.48, 3)
     , ('3004674', 1020, '2021-04-11', 462, 0.54, 7)
     , ('4093911', 580, '2021-04-11', 385, 27.5, 3)
     , ('2810851', 210, '2021-04-11', 470, 6, 3)
     , ('2183184', 510, '2021-04-11', 394, 27, 3)
     , ('3607324', 1020, '2021-04-11', 463, 19.66, 3)
     , ('2868183', 640, '2021-04-11', 387, 0.04, 3)
     , ('3432209', 1060, '2021-04-11', 419, 0.01, 3)
     , ('2889149', 120, '2021-04-11', 414, 32.45, 3)
     , ('2214214', 1060, '2021-04-11', 497, 38.45, 3)
     , ('4102178', 1370, '2021-04-11', 411, 0.01, 3)
     , ('2577136', 1000, '2021-04-12', 365, 8.64, 3)
     , ('3577028', 1060, '2021-04-12', 382, 19.6, 3)
     , ('3952941', 1690, '2021-04-12', 473, 27.45, 3)
     , ('3498763', 1290, '2021-04-12', 470, 0.34, 3)
     , ('2389329', 100, '2021-04-12', 488, 13.09, 3)
     , ('4648059', 840, '2021-04-12', 366, 0.64, 7)
     , ('3227458', 920, '2021-04-12', 436, 0.94, 7)
     , ('4596004', 1770, '2021-04-12', 381, 0.9, 3)
     , ('4193606', 670, '2021-04-13', 506, 19, 7)
     , ('3093480', 1460, '2021-04-13', 390, 3, 7)
     , ('4485705', 440, '2021-04-13', 427, 13.09, 7)
     , ('2722134', 190, '2021-04-13', 468, 13.64, 7)
     , ('3928391', 1810, '2021-04-13', 402, 0.48, 7)
     , ('2332279', 810, '2021-04-13', 480, 0.7, 3)
     , ('3190550', 1810, '2021-04-13', 457, 31.3, 7)
     , ('2667792', 1640, '2021-04-13', 428, 2, 3)
     , ('2827041', 1200, '2021-04-13', 505, 9.55, 7)
     , ('2027271', 450, '2021-04-13', 367, 0.82, 3)
     , ('2961148', 1600, '2021-04-13', 495, 1.12, 7)
     , ('4664461', 1780, '2021-04-13', 493, 1.64, 3)
     , ('3300715', 850, '2021-04-13', 456, 6, 7)
     , ('4451980', 570, '2021-04-13', 501, 31.17, 3)
     , ('2805867', 1050, '2021-04-13', 496, 7.7, 3)
     , ('3277913', 320, '2021-04-14', 460, 1.79, 7)
     , ('4180407', 1690, '2021-04-14', 475, 21, 3)
     , ('2414197', 1850, '2021-04-14', 452, 0.7, 7)
     , ('2934501', 1680, '2021-04-14', 393, 0.01, 7)
     , ('3391497', 620, '2021-04-14', 359, 0.02, 7)
     , ('2645371', 1840, '2021-04-14', 409, 16.4, 3)
     , ('3060236', 1010, '2021-04-14', 478, 0.09, 3)
     , ('3399827', 1720, '2021-04-14', 497, 21.1, 7)
     , ('4505017', 880, '2021-04-14', 529, 0.64, 3);


